stasjonsnr,Stasjonsnavn,Måleparameter,Versjon,Målested,Stasjontype,Status (i drift/nedlagt),Målestart (dato),Data kontrollert fra (dato),Data kontrollert til (dato),Evt. nedlagt (dato),Normal årsavrenning (l/s km2),Totalt feltareal (km2),"Bratthet (1085-gradient, m/km)",Myrprosent,Effektiv sjøprosent,Jordbruksprosent,Skogprosent,Innsjøprosent,Snaufjellprosent,Urbantareal prosent,Breprosent,Elvegradient (m/km),Elvelengde (km),Elvenavnhierarki,Elvetetthet (m/km),Vassdragsomr. nr.,Vassdragsomr. navn,Reguleringsgrad areal,"Reguleringsgrad mag,",Måleparameter kode,Høyde 10 persentil (m),Høyde 90 persentil (m),Medianhøyde (m),Høyeste punkt (m),Laveste punkt (m),Høyde over havet (m),ObjektID
6.9.0,"Akerselva, ndf. Maridalsvatn",Vannføring,2,Ikke angitt,"Privat, ikke pålagt",I drift,36526.583333333336,2000-01-01T14:00:00Z,2023-12-31T14:00:00Z,Ikke angitt,Ikke angitt,208.97,10.79,2.4,4.1399999999999997,1.44,83.19,12.44,0,0.03,0,11.8,41.76,Nordmarkvassdraget,1978.28,006,Nordmarkvassdraget/kyst Gjersjøelva-Bygdøy,1,0.35,1001,254,612,445,716,148,149,3430
2.268.0,Akslen,Vannføring,1,Ikke angitt,Konsesjonspålagt stasjon,I drift,22595.583333333332,1961-11-10T14:00:00Z,2023-12-31T14:00:00Z,Ikke angitt,Ikke angitt,789.27,17.41,1.02,0.06,0.73,12.3,2.42,70.75,0,10.31,21.91,48.03,Bøvri/Otta/Vorma-Lågen/Glommavassdraget,1219.7,002,Glommavassdraget/Hvaler og Singlefjorden,0,0,1001,1013,2056,1526,2464,471,480,832
121.20.0,Åmot,Vannføring,1,Elv - naturlig profil,Konsesjonspålagt stasjon,I drift,31989.583333333332,1987-07-31T14:00:00Z,2023-12-31T14:00:00Z,Ikke angitt,Ikke angitt,282.67,12.94,14.03,0.7,3.35,61.41,5.57,13.28,0.01,0,21.96,39.479999999999997,Svorka/Orkla,1657.07,121,Orkla/Orkdalsfjorden,0,0,1001,309,801,497,1215,199,210,13678
166.3.0,Andkilvatn,Vannføring,1,Elv - naturlig profil,Konsesjonspålagt stasjon,I drift,22160.583333333332,1960-09-01T14:00:00Z,2023-12-31T14:00:00Z,Ikke angitt,Ikke angitt,249.4,27.84,0.67,5.18,0.04,7.59,14.73,66.599999999999994,0,6.99,23.77,38.75,Fagerbakkvassdraget,2424.91,166,Fagerbakkvassdraget og Laksåga/Sørfolda sør,0.71,1.06,1001,370,1135,907,1419,1,20,16304
186.2.0,Ånesvatn,Vannføring,1,Ikke angitt,Forvaltningsstasjon,I drift,35692.583333333336,1997-09-19T14:00:00Z,2023-12-31T14:00:00Z,Ikke angitt,Ikke angitt,47.04,14.86,25.39,7.64,1.51,33.89,11.25,22.53,0,0,22.01,14.18,Åelva,1330.62,186,Andøya,0,0,1001,16,383,135,609,9,10,16824
26.20.0,Årdal,Vannføring,1,Elv - naturlig profil,Konsesjonspålagt stasjon,I drift,25603.583333333332,1970-05-01T14:00:00Z,2023-12-31T14:00:00Z,Ikke angitt,Ikke angitt,77.25,23.19,2.25,2.2999999999999998,1.96,38.28,9.17,25.02,0,0,32.07,17.649999999999999,Moisåni/Sira,1821.77,026,Sira og Sokna/kyst Hidra-Sokndal,0,0,1001,284,642,518,747,109,105,8381
74.1.0,Årdalsvatn,Vannføring,1,Innsjø,Konsesjonspålagt stasjon,I drift,92.583333333333329,1900-04-01T14:00:00Z,2023-12-31T14:00:00Z,Ikke angitt,Ikke angitt,978.68,29.74,0.5,1.47,0.03,12.21,8.23,74.239999999999995,0.15,2.9,29.58,53.62,Årdalsvassdraget,1531.03,074,Årdalsvassdraget/Årdalsfjorden,0.5,0.28999999999999998,1001,1027,1681,1372,2396,2,3,11148
2.32.0,Atnasjø,Vannføring,1,Ikke angitt,Forvaltningsstasjon,I drift,Ikke angitt,1984-09-18T14:00:00Z,2023-12-31T14:00:00Z,Ikke angitt,Ikke angitt,463.3,9.6300000000000008,2.2799999999999998,1.08,0.5,22.34,1.97,68.44,0,0,12.35,60.39,Atna/Glommavassdraget,1281.58,002,Glommavassdraget/Hvaler og Singlefjorden,0,0,1001,827,1677,1236,2173,689,701,244
2.28.0,Aulestad,Vannføring,1,Ikke angitt,Konsesjonspålagt stasjon,I drift,30682.583333333332,1984-04-13T14:00:00Z,2023-12-31T14:00:00Z,Ikke angitt,Ikke angitt,869.75,10.54,13.75,0.05,6.75,58.21,2.67,8.01,0.14000000000000001,0,11.44,66.69,Gausa/Vorma-Lågen/Glommavassdraget,1421.48,002,Glommavassdraget/Hvaler og Singlefjorden,0.8,0.04,1001,561,1105,886,1515,195,200,230
123.21.0,Aune,Vannføring,1,Elv - naturlig profil,Konsesjonspålagt stasjon,I drift,23012.583333333332,1967-01-01T14:00:00Z,2023-12-31T14:00:00Z,Ikke angitt,Ikke angitt,1355.72,11.82,12.1,2.63,0.43,17.940000000000001,9.15,53.32,0.03,0,13.97,64.08,Nidelvvassdraget,1958.8,123,Nidelvvassdraget/Strindfjorden,0.86,0.64,1001,669,1250,891,1789,295,294,14049
16.128.0,Austbygdåi,Vannføring,1,Kum,Konsesjonspålagt stasjon,I drift,28041.583333333332,1976-10-08T14:00:00Z,2023-12-31T14:00:00Z,Ikke angitt,Ikke angitt,342.92,23.92,5.59,0.14000000000000001,0.89,33.29,4.3499999999999996,53.69,0.04,0,24.65,47.67,Austbygdåi/Skiensvassdraget,1790.09,016,Skiensvassdraget/Langesundsfjorden,0,0,1001,771,1322,1152,1481,202,230,6138
20.2.0,Austenå,Vannføring,1,Elv - naturlig profil,Forvaltningsstasjon,I drift,8893.5833333333339,1924-05-06T14:00:00Z,2023-12-31T14:00:00Z,Ikke angitt,Ikke angitt,Ikke angitt,Ikke angitt,Ikke angitt,Ikke angitt,Ikke angitt,Ikke angitt,Ikke angitt,Ikke angitt,Ikke angitt,Ikke angitt,Ikke angitt,Ikke angitt,Tovdalsvassdraget,Ikke angitt,020,Tovdalsvassdraget/Lillesand kommune,0.25,0.06,1001,Ikke angitt,Ikke angitt,Ikke angitt,Ikke angitt,Ikke angitt,225,7511
27.15.0,Austrumdal (Austrumdalsvatnet),Vannføring,1,Innsjø,Forvaltningsstasjon,I drift,29323.583333333332,1986-01-01T14:00:00Z,2023-12-31T14:00:00Z,Ikke angitt,Ikke angitt,60.85,21.39,1.1599999999999999,5.48,0.36,11.25,13.27,66.83,0,0,22.75,23.25,Austrumdalsåna/Bjerkreimvassdraget,1904.89,027,Bjerkreimvassdraget/kyst Sokndal-Ogna,0,0,1001,534,825,716,935,309,309,8574
86.10.0,Åvatn (Ommedalsvatnet),Vannføring,1,Innsjø,"Privat, ikke pålagt",I drift,27250.583333333332,1974-08-09T14:00:00Z,2023-12-31T14:00:00Z,Ikke angitt,Ikke angitt,162.13,25.74,8.09,1.49,0.78,27.52,6.23,55.6,0,0.54,33.14,31.65,Gjengedalsvassdraget,2105.8200000000002,086,Gjengedalsvassdraget/Frøysjøen og ytre Nordfjord sør,0,0,1001,456,1136,788,1464,19,27,12389
12.290.0,Bagn,Vannføring,1,Ikke angitt,Konsesjonspålagt stasjon,I drift,24746.583333333332,1967-10-01T14:00:00Z,2023-12-31T14:00:00Z,Ikke angitt,Ikke angitt,2980.46,5.17,9.5500000000000007,0.93,3.52,40.57,8.07,29.34,0.11,0.01,9.94,123.69,Drammensvassdraget,1387.71,012,Drammensvassdraget/Drammensfjorden vest,0.98,0.42,1001,692,1552,1065,1901,218,210,4555
2.227.0,Barkaldfoss,Vannføring,1,Elv - naturlig profil,Konsesjonspålagt stasjon,I drift,12785.583333333334,1935-01-01T14:00:00Z,2023-12-31T14:00:00Z,Ikke angitt,Ikke angitt,6633.12,1.94,8.4,0.13,2.78,39.700000000000003,4.04,36.880000000000003,0.1,0,2.31,184.47,Glommavassdraget,1500.32,002,Glommavassdraget/Hvaler og Singlefjorden,0.99,0.12,1001,758,1287,966,1848,438,446,732
237.1.0,Båtsfjord,Vannføring,1,Elv - naturlig profil,Konsesjonspålagt stasjon,I drift,29465.583333333332,1980-09-01T14:00:00Z,2023-12-31T14:00:00Z,Ikke angitt,Ikke angitt,21.93,21.54,0.87,1.38,0,0.19,2.4700000000000002,96.5,0,0,36.72,6.81,Storelva,898.65,237,Vesterelvvassdraget/kyst Båtsfjordnæringen-Hamningberg,0,0,1001,184,444,299,481,142,141,17849
156.10.0,Berget,Vannføring,1,Elv - naturlig profil,Konsesjonspålagt stasjon,I drift,18349.583333333332,1950-03-25T14:00:00Z,2023-12-31T14:00:00Z,Ikke angitt,Ikke angitt,210.69,20.68,0.7,0.84,0.06,12.1,4.03,46.51,0,32.799999999999997,24.15,35.65,Langvassåga/Ranavassdraget,1926.26,156,Ranavassdraget/Ranafjorden nord,0.11,0,1001,327,1326,867,1583,55,61,15422
12.97.0,Bergheim,Vannføring,1,Elv - naturlig profil,Konsesjonspålagt stasjon,I drift,7427.583333333333,1920-05-01T14:00:00Z,2023-12-31T14:00:00Z,Ikke angitt,Ikke angitt,4232.4399999999996,9.25,7.43,0.17,1.76,35.14,6.89,44.26,0.18,0.59,9.8800000000000008,113.87,Hallingdalsvassdraget/Drammensvassdraget,1628.52,012,Drammensvassdraget/Drammensfjorden vest,0.85,0.45,1001,749,1594,1170,1933,136,152,4111
16.189.0,Bjønntjønn,Vannføring,1,Innsjø,"Privat, ikke pålagt",I drift,33424.583333333336,1991-07-05T14:00:00Z,2023-12-31T14:00:00Z,Ikke angitt,Ikke angitt,33.82,10.91,6.89,1.68,0.2,86.38,5.14,0.69,0,0,17.7,12.72,Grytåi/Vest-vassdraget/Skiensvassdraget,1893.72,016,Skiensvassdraget/Langesundsfjorden,0,0,1001,667,879,765,1021,525,532,6252
27.16.0,Bjordal,Vannføring,1,Elv - naturlig profil,Forvaltningsstasjon,I drift,30980.583333333332,1984-10-25T14:00:00Z,2023-12-31T14:00:00Z,Ikke angitt,Ikke angitt,123.81,22.42,1.32,0.31,7.0000000000000007E-2,9.2200000000000006,9.51,72.989999999999995,0,0,26.79,25.27,Oreåna/Bjerkreimvassdraget,2326.7199999999998,027,Bjerkreimvassdraget/kyst Sokndal-Ogna,0,0,1001,572,857,771,965,210,210,8578
8.2.0,Bjørnegårdssvingen,Vannføring,1,Elv - naturlig profil,Forvaltningsstasjon,I drift,25112.583333333332,1968-10-01T14:00:00Z,2023-12-31T14:00:00Z,Ikke angitt,Ikke angitt,190.77,19.63,1.73,7.0000000000000007E-2,5.23,83.66,2,0,4.1900000000000004,0,19.04,24.8,Sandvikselva,1998.55,008,Sandvikselva,0,0,1001,152,516,378,681,4,6,3725
156.13.0,Bjørnfoss,Vannføring,1,Elv - naturlig profil,Forvaltningsstasjon,I drift,19952.583333333332,1954-08-16T14:00:00Z,2023-12-31T14:00:00Z,Ikke angitt,Ikke angitt,306.54000000000002,23.19,0.55000000000000004,0.13,0,7.03,2.02,67.14,0,18.690000000000001,26.85,42.49,Blakkåga/Raudvassåga/Langvassåga/Ranavassdraget,1513.48,156,Ranavassdraget/Ranafjorden nord,0.36,0,1001,479,1259,975,1563,67,100,15432
15.53.0,Borgåi,Vannføring,2,Ikke angitt,Konsesjonspålagt stasjon,I drift,Ikke angitt,1997-10-14T14:00:00Z,2023-12-31T14:00:00Z,Ikke angitt,Ikke angitt,93.83,21.51,11.4,0.44,0.28999999999999998,46.64,4.6100000000000003,28.98,0,0,20.149999999999999,19.649999999999999,Borgåi/Numedalslågen,2193.36,015,Numedalslågen og Siljanvassdraget/kyst Sandefjord-Mølen,0,0,1001,902,1192,1052,1312,762,770,5557
78.8.0,Bøyumselv,Vannføring,1,Ikke angitt,Forvaltningsstasjon,I drift,30302.583333333332,1982-12-17T14:00:00Z,2023-12-31T14:00:00Z,Ikke angitt,Ikke angitt,40.46,19.39,0.2,0.15,0.19,20.149999999999999,0.38,31.62,0,41.07,77.72,5.78,Storelvi,1025.08,078,Vetlefjorden og Fjærlandsfjorden,0,0,1001,224,1626,1287,1732,37,40,11993
23.4.0,Brådlandsvatn,Vannføring,1,Elv - naturlig profil,Konsesjonspålagt stasjon,I drift,8267.5833333333339,1922-08-19T14:00:00Z,2023-12-31T14:00:00Z,Ikke angitt,Ikke angitt,58.94,-2.57,7.39,3.43,1.76,74.010000000000005,12.9,2.52,0,0,-11.56,0.52,Trylandselva/Audna,1857.12,023,Audna/kyst Mandal by-Lindesnes,0.86,0.3,1001,281,428,338,548,177,176,8134
37.27.0,Breiborgvatn,Vannføring,1,Innsjø,Konsesjonspålagt stasjon,I drift,35065.583333333336,1996-01-01T14:00:00Z,2023-12-31T14:00:00Z,Ikke angitt,Ikke angitt,12.43,116.33,0.14000000000000001,2.81,0,8.34,7.41,84.14,0,0,123.01,6.49,Elgjuvsåna/Saudavassdraget,2372.59,037,Saudavassdraget/Saudafjorden og Sandsfjorden nord,0,0,1001,726,1327,992,1534,665,770,9376
2.15.0,Breiddalsvatn ndf.,Vannføring,1,Ikke angitt,Konsesjonspålagt stasjon,I drift,15342.583333333334,1942-01-01T14:00:00Z,2023-12-31T14:00:00Z,Ikke angitt,Ikke angitt,127.39,6.73,0.75,6.04,0,1.84,11.2,85.28,0,0.87,17.739999999999998,23.39,Otta/Vorma-Lågen/Glommavassdraget,1705.93,002,Glommavassdraget/Hvaler og Singlefjorden,1,0.4,1001,932,1506,1192,1855,882,900,167
104.24.0,Bruå  overføringstunnel,Vannføring,1,Elv - kunstig profil,Konsesjonspålagt stasjon,I drift,28404.583333333332,1977-10-06T14:00:00Z,2023-12-31T14:00:00Z,Ikke angitt,Ikke angitt,Ikke angitt,Ikke angitt,Ikke angitt,Ikke angitt,Ikke angitt,Ikke angitt,Ikke angitt,Ikke angitt,Ikke angitt,Ikke angitt,Ikke angitt,Ikke angitt,Indre mardøla/Mardøla/Eira,Ikke angitt,104,Eira/langfjorden,Ikke angitt,Ikke angitt,1001,Ikke angitt,Ikke angitt,Ikke angitt,Ikke angitt,Ikke angitt,1100,13232
15.23.0,Bruhaug,Vannføring,2,Ikke angitt,Konsesjonspålagt stasjon,I drift,9609.5833333333339,1964-04-08T14:00:00Z,2023-12-31T14:00:00Z,Ikke angitt,Ikke angitt,3464.1,7.13,7.66,1.0900000000000001,0.67,32.28,9.5500000000000007,46.56,0.02,0,5.83,179.83,Numedalslågen,1910.94,015,Numedalslågen og Siljanvassdraget/kyst Sandefjord-Mølen,0.96,0.52,1001,815,1325,1185,1538,198,200,5496
84.21.0,Brulandsfoss ndf.,Vannføring,1,Elv - naturlig profil,Konsesjonspålagt stasjon,I drift,34114.583333333336,1993-05-25T14:00:00Z,2023-12-31T14:00:00Z,Ikke angitt,Ikke angitt,573.13,3.96,3.7,5.0199999999999996,3.54,30.15,9.76,42.54,0.16,4.01,21.73,56.84,Jølstra,1573.65,084,Jølstra/Førdefjorden,0.72,0.06,1001,247,1278,758,1647,13,19,12280
16.154.0,Brusetbekken,Vannføring,1,Elv - kunstig profil,Forvaltningsstasjon,I drift,31956.583333333332,1987-06-28T14:00:00Z,2023-12-31T14:00:00Z,Ikke angitt,Ikke angitt,7.72,8.58,1.74,0.36,4.8,90.37,1.68,0,0,0,7.18,4.04,Skiensvassdraget,1704.48,016,Skiensvassdraget/Langesundsfjorden,0,0,1001,123,220,145,306,69,80,6197
2.290.0,Brustuen,Vannføring,1,Elv - naturlig profil,Forvaltningsstasjon,I drift,24394.583333333332,1966-10-14T14:00:00Z,2023-12-31T14:00:00Z,Ikke angitt,Ikke angitt,254,21.82,1.25,0.56000000000000005,0.78,9.36,4.7699999999999996,72.209999999999994,0,8.27,26.8,32.200000000000003,Bøvri/Otta/Vorma-Lågen/Glommavassdraget,1475.96,002,Glommavassdraget/Hvaler og Singlefjorden,0,0,1001,1009,1853,1461,2219,661,685,918
76.15.0,Bruvollelvi,Vannføring,1,Elv - kunstig profil,Konsesjonspålagt stasjon,I drift,34229.583333333336,1995-01-01T14:00:00Z,2023-12-31T14:00:00Z,Ikke angitt,Ikke angitt,7.69,49.65,0,7,0,0,14.28,85.78,0,0,51.28,4.7,Bruvollelvi/Jostedøla,829.53,076,Jostedøla/Lusterfjorden vest,0,0,1001,1359,1531,1413,1608,1242,1240,11718
62.5.0,Bulken (Vangsvatnet),Vannføring,1,Innsjø,Forvaltningsstasjon,I drift,-2919.4166666666665,NA,2023-12-31T14:00:00Z,Ikke angitt,Ikke angitt,1091.6500000000001,19.440000000000001,2.81,0.87,3.33,34.24,4.04,51.98,0.34,0.28000000000000003,19.53,61.39,Vossovassdraget,2745.1,062,Vossovassdraget/Bolstadfjorden,0.86,0,1001,391,1328,929,1603,45,51,10251
12.150.0,Buvatn,Vannføring,1,Innsjø,Konsesjonspålagt stasjon,I drift,22868.583333333332,1962-08-09T14:00:00Z,2023-12-31T14:00:00Z,Ikke angitt,Ikke angitt,25.05,21.96,14.86,4.7,0.11,71.42,12.58,0.02,0,0,18.649999999999999,10.08,Rukkedøla/Hallingdalsvassdraget/Drammensvassdraget,1798.75,012,Drammensvassdraget/Drammensfjorden vest,0,0,1001,863,1038,956,1086,842,838,4275
2.165.0,Bygdin ndf.,Vannføring,1,Elv - naturlig profil,Konsesjonspålagt stasjon,I drift,8108.583333333333,1922-03-13T14:00:00Z,2023-12-31T14:00:00Z,Ikke angitt,Ikke angitt,307.77,7.55,1.33,13.06,0,0,18.11,78.61,0,1.95,9.48,41.65,Vinstra/Vorma-Lågen/Glommavassdraget,1697.35,002,Glommavassdraget/Hvaler og Singlefjorden,0.99,0.84,1001,1057,1817,1396,2330,1044,1050,598
83.6.0,Byttevatn,Vannføring,1,Innsjø,Forvaltningsstasjon,I drift,23743.583333333332,1965-01-01T14:00:00Z,2023-12-31T14:00:00Z,Ikke angitt,Ikke angitt,104.54,37.99,0.73,1.68,0,6.72,10.91,80.53,0,0.67,44.89,19.34,Eldalselva/Gaularvassdraget,1890.71,083,Gaularvassdraget/Dalsfjorden,0,0,1001,730,1294,1061,1503,484,484,12156
234.14.0,Cærrogæsjokka,Vannføring,1,Ikke angitt,Forvaltningsstasjon,I drift,28520.583333333332,1978-01-30T14:00:00Z,2023-12-31T14:00:00Z,Ikke angitt,Ikke angitt,45.9,11.62,9.0500000000000007,0.18,0,72.23,2.81,14.69,0,0,10.46,10.9,Cærrugæsjåkka/Iesjåkka/Karasjåkka/Tana,1119.82,234,Tana/Tanafjorden sør,0,0,1001,353,437,391,490,291,295,17767
173.8.0,Coarveij,Vannføring,1,Elv - naturlig profil,Konsesjonspålagt stasjon,I drift,26456.583333333332,1972-06-06T14:00:00Z,2023-12-31T14:00:00Z,Ikke angitt,Ikke angitt,62.83,13.69,7.0000000000000007E-2,9.5399999999999991,0,0,14.22,83.82,0,1.6,23.19,14.31,Coarvvejokka/Skjomavassdraget,1274.29,173,Skjomavassdraget/Ofotfjorden sør,0,0,1001,941,1365,1101,1581,917,918,16588
109.29.0,Dalavatn,Vannføring,1,Innsjø,"Privat, ikke pålagt",I drift,27364.583333333332,1974-10-01T14:00:00Z,2023-12-31T14:00:00Z,Ikke angitt,Ikke angitt,85.45,24.01,2.1800000000000002,0.37,0,12.03,4.84,73.599999999999994,0,0.5,34.49,15.83,Grøa/Driva,1273.07,109,Driva/tTngvollfjorden og Sunndalsfjorden,0,0,1001,763,1527,1210,1805,441,440,13353
91.2.0,Dalsbøvatn,Vannføring,1,Elv - naturlig profil,Forvaltningsstasjon,I drift,12727.583333333334,1934-11-04T14:00:00Z,2023-12-31T14:00:00Z,Ikke angitt,Ikke angitt,25.72,7.12,3.52,4.78,1.35,5.55,10.27,64.55,0,0,20.149999999999999,8.24,Storelva,1305.04,091,Sildegapet,0,0,1001,67,504,295,532,47,47,12775
26.22.0,Deg,Vannføring,1,Elv - naturlig profil,Konsesjonspålagt stasjon,I drift,25934.583333333332,1973-01-01T14:00:00Z,2023-12-31T14:00:00Z,Ikke angitt,Ikke angitt,68.959999999999994,15.62,0.1,2.93,0,0,13.02,86.87,0,0,16.690000000000001,14.68,Deg/Sira,2219.8200000000002,026,Sira og Sokna/kyst Hidra-Sokndal,0.12,0,1001,901,1076,1013,1188,713,680,8388
205.6.0,Didnojokka,Vannføring,1,Elv - naturlig profil,Konsesjonspålagt stasjon,I drift,29099.583333333332,1979-09-01T14:00:00Z,2023-12-31T14:00:00Z,Ikke angitt,Ikke angitt,110.87,31.12,0.27,0.54,0,0.67,6.49,92.02,0,0,27.5,19.23,Did'nujåkka/Skibotnvassdraget,1099.55,205,Skibotnvassdraget/Lyngen: Skibotn-Kåfjorden,0,0,1001,774,1100,939,1173,520,521,17162
35.16.0,Djupadalsvatn,Vannføring,1,Innsjø,Konsesjonspålagt stasjon,I drift,33151.583333333336,1990-10-05T14:00:00Z,2023-12-31T14:00:00Z,Ikke angitt,Ikke angitt,45.34,38.729999999999997,5.03,4.47,0.48,36.85,10.81,41.95,0,0,34.94,20.350000000000001,Vormo,2319.1999999999998,035,Ulla og Førreelva/Jøsenfjorden og Erfjorden,0,0,1001,413,910,648,1127,327,338,9050
2.129.0,Dølplass,Vannføring,1,Elv - naturlig profil,Konsesjonspålagt stasjon,I drift,2992.5833333333335,1908-03-10T14:00:00Z,2023-12-31T14:00:00Z,Ikke angitt,Ikke angitt,2013.76,4.25,6.15,0.08,1.61,25.13,1.76,55.97,0.04,0,10.95,97.95,Folla/Glommavassdraget,1266.72,002,Glommavassdraget/Hvaler og Singlefjorden,0.28000000000000003,0.11,1001,872,1440,1162,1848,526,530,490
2.303.0,Dombås,Vannføring,1,Elv - naturlig profil,Forvaltningsstasjon,I drift,24770.583333333332,1967-10-25T14:00:00Z,2023-12-31T14:00:00Z,Ikke angitt,Ikke angitt,493.62,17.13,3.59,0.09,0.09,11.83,3.85,78.08,0,0.26,23.05,45.92,Jora/Vorma-Lågen/Glommavassdraget,-999,002,Glommavassdraget/Hvaler og Singlefjorden,0,0,1001,965,1751,1362,2213,567,570,958
26.5.0,Dorgefoss,Vannføring,1,Elv - kunstig profil,Konsesjonspålagt stasjon,I drift,4858.583333333333,1913-04-19T14:00:00Z,2023-12-31T14:00:00Z,Ikke angitt,Ikke angitt,808.53,6.74,0.79,0.7,0.28999999999999998,8.7200000000000006,13.58,74.25,0,0,8.09,74.53,Sira,2778.1,026,Sira og Sokna/kyst Hidra-Sokndal,0.99,1.2,1001,745,1191,979,1421,459,480,8345
109.20.0,Driva v/Grensehølen,Vannføring,1,Elv - naturlig profil,Konsesjonspålagt stasjon,I drift,23434.583333333332,1964-02-27T14:00:00Z,2023-12-31T14:00:00Z,Ikke angitt,Ikke angitt,1630.25,10.52,2.2799999999999998,0.16,2.21,19.04,3.09,68.349999999999994,0.18,0.19,15,94.72,Driva,1333.34,109,Driva/tTngvollfjorden og Sunndalsfjorden,0.21,0.25,1001,688,1605,1285,2284,208,220,13326
109.9.0,Driva v/Risefoss,Vannføring,1,Elv - naturlig profil,Forvaltningsstasjon,I drift,12845.583333333334,1933-07-06T14:00:00Z,2023-12-31T14:00:00Z,Ikke angitt,Ikke angitt,745.99,15.87,1.27,0.03,0.21,7.58,2.17,84.3,0,0.28999999999999998,19.78,54.69,Driva,1083.25,109,Driva/tTngvollfjorden og Sunndalsfjorden,0,0,1001,1070,1686,1400,2284,547,549,13303
109.21.0,Driva v/Svoni,Vannføring,1,Elv - kunstig profil,Forvaltningsstasjon,I drift,25569.583333333332,1970-01-01T14:00:00Z,2023-12-31T14:00:00Z,Ikke angitt,Ikke angitt,135.96,33.270000000000003,2.92,0.03,0.02,0.92,1.23,87.35,0,0.68,32.54,19.760000000000002,Driva,1399.24,109,Driva/tTngvollfjorden og Sunndalsfjorden,0,0,1001,1076,1574,1287,2284,983,985,13331
122.11.0,Eggafoss,Vannføring,1,Elv - naturlig profil,Forvaltningsstasjon,I drift,15071.583333333334,1941-04-01T14:00:00Z,2023-12-31T14:00:00Z,Ikke angitt,Ikke angitt,655.17999999999995,15.12,14.35,0.15,1.88,27.16,3.22,41.78,0.03,0,14.59,45.16,Gaula,2318.09,122,Gaula/kyst Viggjaneset-Flakk,0.3,0,1001,648,1046,869,1287,278,330,13927
12.178.0,Eggedal,Vannføring,1,Elv - naturlig profil,Forvaltningsstasjon,I drift,26248.583333333332,1972-01-01T14:00:00Z,2023-12-31T14:00:00Z,Ikke angitt,Ikke angitt,310.58999999999997,22.18,6.91,0.59,1.51,62.43,3.4,20.6,0.03,0,25,39.799999999999997,Simoa/Drammensvassdraget,1829.32,012,Drammensvassdraget/Drammensfjorden vest,0,0,1001,429,1193,891,1465,161,170,4345
2.460.0,Eide,Vannføring,1,Elv - naturlig profil,Konsesjonspålagt stasjon,I drift,30975.583333333332,1984-10-20T14:00:00Z,2023-12-31T14:00:00Z,Ikke angitt,Ikke angitt,7968.23,2.98,1.82,0.11,2.16,21.82,3.73,64.38,0.08,3.37,2.93,126.45,Vorma-Lågen/Glommavassdraget,1132.82,002,Glommavassdraget/Hvaler og Singlefjorden,0.83,0.09,1001,817,1798,1343,2466,240,241,1369
50.3.0,Eidfjordvatn,Vannføring,1,Innsjø,Konsesjonspålagt stasjon,I drift,10380.583333333334,1928-06-01T14:00:00Z,2023-12-31T14:00:00Z,Ikke angitt,Ikke angitt,1166.02,19.440000000000001,6.72,0.46,0.15,5.42,6.24,77.84,0,2,17.239999999999998,77.5,Eidfjordvassdraget,3333.55,050,"Eidfjordvassdraget, Kinso og Sima/kyst Krossanes-Osafjorden",0.54,0.28999999999999998,1001,1061,1502,1257,1849,17,19,9849
104.2.0,Eikesdalsvatn,Vannføring,1,Innsjø,Konsesjonspålagt stasjon,I drift,863.58333333333337,1902-05-12T14:00:00Z,2023-12-31T14:00:00Z,Ikke angitt,Ikke angitt,1091.6400000000001,14.11,0.42,2.59,0.24,5.98,8.92,78.05,0,0.61,17.93,78.91,Eira,1263.56,104,Eira/langfjorden,0.72,0.5,1001,1038,1650,1326,1959,21,22,13175
16.117.0,Elvarheim,Vannføring,1,Kum,Konsesjonspålagt stasjon,I drift,25059.583333333332,1968-08-09T14:00:00Z,2023-12-31T14:00:00Z,Ikke angitt,Ikke angitt,2354.09,10.26,3.62,2.57,0.62,36.090000000000003,10.18,47.35,7.0000000000000007E-2,0.15,11.33,116.72,Vest-vassdraget/Skiensvassdraget,2380.5100000000002,016,Skiensvassdraget/Langesundsfjorden,0.92,0.62,1001,752,1508,1131,1722,75,78,6107
2.604.0,Elverum,Vannføring,1,Ikke angitt,Konsesjonspålagt stasjon,I drift,25486.583333333332,1969-10-10T14:00:00Z,2023-12-31T14:00:00Z,Ikke angitt,Ikke angitt,15449.93,1.89,10.07,0.1,1.83,52,3.25,26.69,0.1,0,2.04,335.17,Glommavassdraget,1331.47,002,Glommavassdraget/Hvaler og Singlefjorden,1,0.1,1001,506,1206,882,2173,175,183,1510
159.12.0,Engabreelv,Vannføring,1,Elv - naturlig profil,Forvaltningsstasjon,I drift,31925.583333333332,1987-05-28T14:00:00Z,2023-12-31T14:00:00Z,Ikke angitt,Ikke angitt,40.42,111.29,0,4.17,0,0.11,0.03,5.54,0,93.28,119.45,11.73,Engabreelva,6900.59,159,Vestre Svartisen og Rødøy kommune,0.87,0,1001,931,1387,1220,1580,12,16,15760
159.3.0,Engabrevatn,Vannføring,1,Kum,Konsesjonspålagt stasjon,I drift,25378.583333333332,1969-06-24T14:00:00Z,2023-12-31T14:00:00Z,Ikke angitt,Ikke angitt,53.33,130.01,0,2.34,0.01,4.07,2.38,17.23,0,73.010000000000005,103.23,13.63,Engabreelva,12178.27,159,Vestre Svartisen og Rødøy kommune,0.73,0,1001,459,1376,1202,1580,9,5,15732
311.460.0,Engeren,Vannføring,1,Ikke angitt,Konsesjonspålagt stasjon,I drift,30317.583333333332,1983-01-01T14:00:00Z,2023-12-31T14:00:00Z,Ikke angitt,Ikke angitt,394.83,5.57,13.09,2.94,0.97,50.6,4.05,28.89,0.02,0,8.66,46.68,Engera/Trysilelva,1252.92,311,Vanern-gøta elv's sidenedbørfelt klaraelven,0.2,0,1001,643,1027,887,1208,472,472,18051
101.1.0,Engsetvatn,Vannføring,1,Ikke angitt,Forvaltningsstasjon,I drift,8709.5833333333339,1923-11-04T14:00:00Z,2023-12-31T14:00:00Z,Ikke angitt,Ikke angitt,39.909999999999997,10.61,1.58,11.04,6.12,61.54,11.25,11.47,0.04,0,12.78,11.82,Tennfjordelva,1115.6099999999999,101,Ålesund og omegn,0,0,1001,43,478,218,742,43,46,12980
2.415.0,Espedalsvatn,Vannføring,1,Innsjø,Konsesjonspålagt stasjon,I drift,27760.583333333332,1976-01-01T14:00:00Z,2023-12-31T14:00:00Z,Ikke angitt,Ikke angitt,94.42,0,4.55,4.8600000000000003,0.56999999999999995,41.29,7.89,40.159999999999997,0,0,6.37,13.51,Espa/Vinstra/Vorma-Lågen/Glommavassdraget,1179.71,002,Glommavassdraget/Hvaler og Singlefjorden,0,0,1001,771,1263,1086,1457,722,720,1223
83.10.0,Espelandsvatn,Vannføring,1,Innsjø,"Privat, ikke pålagt",I drift,34200.583333333336,1993-08-19T14:00:00Z,2023-12-31T14:00:00Z,Ikke angitt,Ikke angitt,20.48,13.26,7.86,4.24,5.24,46.59,9.07,21.8,0,0,24.47,8.75,Åmotselva/Gaularvassdraget,1593.73,083,Gaularvassdraget/Dalsfjorden,0,0,1001,262,619,436,811,197,210,12169
12.70.0,Etna,Vannføring,1,Kum,Konsesjonspålagt stasjon,I drift,7070.583333333333,1919-05-10T14:00:00Z,2023-12-31T14:00:00Z,Ikke angitt,Ikke angitt,568.53,11.54,17.84,0.3,1.44,49.28,4.66,12.02,0,0,12.29,61.34,Randselva/Drammensvassdraget,1244.3800000000001,012,Drammensvassdraget/Drammensfjorden vest,0,0,1001,797,1097,963,1681,397,400,4028
311.4.0,Femundsenden (Femunden),Vannføring,1,Innsjø,Forvaltningsstasjon,I drift,-1458.4166666666667,NA,2023-12-31T14:00:00Z,Ikke angitt,Ikke angitt,1794.03,1.24,6.44,11.85,0.44,35.65,18.63,26.51,0,0,1.89,102.33,Trysilelva,869.69,311,Vanern-gøta elv's sidenedbørfelt klaraelven,0,0,1001,661,1035,818,1456,660,662,17993
97.1.0,Fetvatn (Fitjavatnet),Vannføring,1,Innsjø,Forvaltningsstasjon,I drift,17023.583333333332,1946-08-09T14:00:00Z,2023-12-31T14:00:00Z,Ikke angitt,Ikke angitt,89.05,33.590000000000003,0.61,1.54,4.42,36.950000000000003,2.29,48.4,0.09,3.2,43.87,17.78,Velledalselva,1332.49,097,"Storfjorden sør, Hjørundfjorden og Sykkylvsfjorden",0,0,1001,115,1207,646,1586,2,5,12868
12.193.0,Fiskum,Vannføring,1,Elv - kunstig profil,Forvaltningsstasjon,I drift,27950.583333333332,1976-07-09T14:00:00Z,2023-12-31T14:00:00Z,Ikke angitt,Ikke angitt,51.54,13.36,2.97,0.11,4.45,87.56,1.35,0,0.15,0,19.77,21.96,Fiskumelva/Vestfosselva/Drammensvassdraget,1405.72,012,Drammensvassdraget/Drammensfjorden vest,0,0,1001,183,503,310,651,81,90,4382
63.12.0,Fjellanger,Vannføring,1,Elv - naturlig profil,Konsesjonspålagt stasjon,I drift,34676.583333333336,1994-12-08T14:00:00Z,2023-12-31T14:00:00Z,Ikke angitt,Ikke angitt,12.83,73.489999999999995,0.48,0.92,0.74,8.34,5.13,83.29,0,0,68.33,8.7799999999999994,Fagerdalselvi/Eksingedalsvassdraget,2404.38,063,Eksingedalsvassdraget/Eidsfjorden,0,0,1001,734,1113,945,1205,391,400,10401
20.3.0,Flakksvann,Vannføring,1,Innsjø,Forvaltningsstasjon,I drift,-76.416666666666671,NA,2023-12-31T14:00:00Z,Ikke angitt,Ikke angitt,Ikke angitt,Ikke angitt,Ikke angitt,Ikke angitt,Ikke angitt,Ikke angitt,Ikke angitt,Ikke angitt,Ikke angitt,Ikke angitt,Ikke angitt,Ikke angitt,Tovdalsvassdraget,Ikke angitt,020,Tovdalsvassdraget/Lillesand kommune,0.54,0.05,1001,Ikke angitt,Ikke angitt,Ikke angitt,Ikke angitt,Ikke angitt,19,7516
157.4.0,Flostrand,Vannføring,1,Innsjø,Konsesjonspålagt stasjon,I drift,23183.583333333332,1963-06-21T14:00:00Z,2023-12-31T14:00:00Z,Ikke angitt,Ikke angitt,33.159999999999997,24.48,0.13,6.18,0.14000000000000001,12.37,6.5,66.290000000000006,0,0,38.75,9.86,Flostrandvatn-vassdraget,1741.86,157,Kyst Utskarpen-Nesna-Tonnes,0,0,1001,57,807,488,1115,0,0,15717
2.592.0,Fokstua,Vannføring,1,Elv - kunstig profil,Forvaltningsstasjon,I drift,32317.583333333332,1988-06-23T14:00:00Z,2023-12-31T14:00:00Z,Ikke angitt,Ikke angitt,26.54,53.06,0.96,0,0,0.73,0.01,98.01,0,0,52.29,11.68,Folla/Glommavassdraget,1338.88,002,Glommavassdraget/Hvaler og Singlefjorden,0,0,1001,1223,1598,1451,1712,988,990,1466
15.19.0,Fønnebøfjord,Vannføring,2,Ikke angitt,Konsesjonspålagt stasjon,I drift,11324.583333333334,1968-01-01T14:00:00Z,2023-12-31T14:00:00Z,Ikke angitt,Ikke angitt,687.31,14.7,5.55,0.73,1.24,21.1,6.92,61.13,0,0,12.47,60.31,Uvdalselvi/Numedalslågen,1732.14,015,Numedalslågen og Siljanvassdraget/kyst Sandefjord-Mølen,1,0.48,1001,837,1309,1200,1482,457,462,5481
94.19.0,Førdselva v/Gjersdal bru,Vannføring,1,Elv - naturlig profil,Konsesjonspålagt stasjon,I drift,35956.583333333336,1998-06-10T14:00:00Z,2023-12-31T14:00:00Z,Ikke angitt,Ikke angitt,76.16,28.94,2.27,2.82,2.61,40.36,5.77,47.07,0,0,40.119999999999997,18.8,Austefjordvassdraget,1563.85,094,"Stigedalselva/voldafjorden, Austefjord og Dalsfjorden",0.81,0.17,1001,195,1048,673,1481,20,22,12839
74.18.0,Fornabu,Vannføring,1,Elv - naturlig profil,Konsesjonspålagt stasjon,I drift,30274.583333333332,1982-11-19T14:00:00Z,2023-12-31T14:00:00Z,Ikke angitt,Ikke angitt,53.13,61.87,0.87,0.15,0.46,27.35,2.6,61.06,0,0,63.61,13.77,Indre offerdalselvi,1619.62,074,Årdalsvassdraget/Årdalsfjorden,0,0,1001,714,1309,1094,1452,397,400,11196
156.15.0,Forsbakk,Vannføring,1,Kum,Konsesjonspålagt stasjon,I drift,23182.583333333332,1963-06-20T14:00:00Z,2023-12-31T14:00:00Z,Ikke angitt,Ikke angitt,56.3,38.97,2.84,0.03,7.0000000000000007E-2,32.99,2.2400000000000002,53.28,0,0.19,55.81,13.21,Straumdalselva,2958.88,156,Ranavassdraget/Ranafjorden nord,0,0,1001,243,895,478,1185,39,55,15441
142.1.0,Første Aunvatn,Vannføring,1,Se kommentar,Konsesjonspålagt stasjon,I drift,30223.583333333332,1982-09-29T14:00:00Z,2023-12-31T14:00:00Z,Ikke angitt,Ikke angitt,87.29,49.21,0.47,1.66,0,10.62,5.95,72.959999999999994,0,0,41.02,20.399999999999999,Nordfolda/Kongsmoelva,1394.54,142,Indre Folda,0,0,1001,262,845,656,921,8,19,14961
2.461.0,Fossen,Vannføring,1,Kum,Forvaltningsstasjon,I drift,30785.583333333332,1984-04-13T14:00:00Z,2023-12-31T14:00:00Z,Ikke angitt,Ikke angitt,224.98,13.77,2.25,0.94,2.2000000000000002,85.05,7.25,0.03,1.0900000000000001,0,13.57,33.979999999999997,Nitelva/Glommavassdraget,1870.11,002,Glommavassdraget/Hvaler og Singlefjorden,0.13,0.08,1001,258,608,465,702,131,130,1374
196.36.0,Fosshaug,Vannføring,1,Ikke angitt,Konsesjonspålagt stasjon,I drift,22835.583333333332,1962-07-08T14:00:00Z,2023-12-31T14:00:00Z,Ikke angitt,Ikke angitt,1961.69,4.97,3.22,2.15,0.34,18.75,8.52,63.93,0,0.43,6.81,129.82,Barduelva/Målselvvassdraget,1446.1,196,Målselvvassdraget/Malangen,0.75,0.49,1001,548,1218,819,1654,66,68,16992
2.457.0,Fossum bru,Vannføring,1,Elv - naturlig profil,"Privat, ikke pålagt",I drift,31048.583333333332,1985-01-01T14:00:00Z,2023-12-31T14:00:00Z,Ikke angitt,Ikke angitt,1137.78,8.0500000000000007,4.9800000000000004,0.16,0.62,36.6,1.08,52.72,0,0,11.21,91.14,Atna/Glommavassdraget,1231.56,002,Glommavassdraget/Hvaler og Singlefjorden,0,0,1001,758,1427,1043,2170,421,422,1359
73.21.0,Frostdalen,Vannføring,1,Elv - kunstig profil,Konsesjonspålagt stasjon,I drift,24666.583333333332,1967-07-13T14:00:00Z,2023-12-31T14:00:00Z,Ikke angitt,Ikke angitt,25.74,42.43,2.2400000000000002,2.3199999999999998,0,2.19,7.6,87.96,0,0,48.27,9.59,Lærdalsvassdraget,1520.94,073,Lærdalsvassdraget/Lærdalsfjorden,0,0,1001,1103,1470,1352,1615,984,950,10859
2.328.0,Fundin ndf.,Vannføring,1,Elv - naturlig profil,Konsesjonspålagt stasjon,I drift,26175.583333333332,1971-01-04T14:00:00Z,2023-12-31T14:00:00Z,Ikke angitt,Ikke angitt,252.86,3.44,10.73,4.25,0.09,0,6,82.55,0,0,8.1300000000000008,30.26,Einunna/Folla/Glommavassdraget,1658.93,002,Glommavassdraget/Hvaler og Singlefjorden,1,0.48,1001,1061,1437,1233,1691,1020,1021,1016
2.323.0,Fura,Vannføring,1,Elv - kunstig profil,Forvaltningsstasjon,I drift,25850.583333333332,1970-10-09T14:00:00Z,2023-12-31T14:00:00Z,Ikke angitt,Ikke angitt,36.409999999999997,30.7,14.69,0,1.28,79.2,0.06,0,0,0,30.84,12.42,Fura/Svartelvvassdraget/Vorma-Lågen/Glommavassdraget,1660.36,002,Glommavassdraget/Hvaler og Singlefjorden,0,0,1001,439,703,599,760,346,350,1004
152.4.0,Fustvatn,Vannføring,1,Ikke angitt,Forvaltningsstasjon,I drift,25628.583333333332,1970-03-01T14:00:00Z,2023-12-31T14:00:00Z,Ikke angitt,Ikke angitt,525.69000000000005,12.16,6.54,2.58,1.26,37.479999999999997,6.42,36.1,0,0.57999999999999996,13.63,48.35,Fusta,2419.5700000000002,152,Fusta og Drevja/Vefsnfjorden nord,0,0,1001,91,860,470,1522,35,37,15201
173.22.0,Gamnes,Vannføring,1,Ikke angitt,Konsesjonspålagt stasjon,I drift,28234.583333333332,1977-04-19T14:00:00Z,2023-12-31T14:00:00Z,Ikke angitt,Ikke angitt,797.59,17.41,0.73,0.77,0.02,3.45,8.26,82.89,0,3.9,20.2,56.97,Skjomavassdraget,1744.25,173,Skjomavassdraget/Ofotfjorden sør,0.85,0.38,1001,704,1390,1042,1885,37,42,16614
185.1.0,Gåslandsvatn,Vannføring,1,Innsjø,Forvaltningsstasjon,I drift,12663.583333333334,1934-09-01T14:00:00Z,2023-12-31T14:00:00Z,Ikke angitt,Ikke angitt,7.7,5.83,23.35,19.03,3.25,39,22.25,0.35,0,0,6.38,5.48,Ringstadelva,1976.94,185,Langøya,0,0,1001,27,80,49,185,15,16,16810
122.16.0,Gaua,Vannføring,1,Elv - naturlig profil,Konsesjonspålagt stasjon,I drift,25478.583333333332,1969-10-02T14:00:00Z,2023-12-31T14:00:00Z,Ikke angitt,Ikke angitt,80.489999999999995,24.83,10.27,0.01,0.71,76.31,1.39,9.09,0,0,29.58,17.88,Gaua/Gaula,1421.31,122,Gaula/kyst Viggjaneset-Flakk,0,0,1001,340,661,473,968,81,90,13941
122.9.0,Gaulfoss,Vannføring,1,Ikke angitt,Forvaltningsstasjon,I drift,Ikke angitt,1958-05-19T14:00:00Z,2023-12-31T14:00:00Z,Ikke angitt,Ikke angitt,3085.86,6.88,16.399999999999999,0.01,2.66,38.799999999999997,2.71,33.6,7.0000000000000007E-2,0,7.55,117.37,Gaula,2238.17,122,Gaula/kyst Viggjaneset-Flakk,0.18,0,1001,476,1046,765,1325,45,55,13916
23.8.0,Gaupefossen,Vannføring,1,Elv - naturlig profil,Forvaltningsstasjon,I drift,32459.583333333332,1988-11-12T14:00:00Z,2023-12-31T14:00:00Z,Ikke angitt,Ikke angitt,343.87,5.29,5.64,0.72,3.8,80.38,6.83,1.02,0.11,0,7.32,50.15,Audna,1871.06,023,Audna/kyst Mandal by-Lindesnes,0.27,0.06,1001,202,464,353,565,21,24,8139
12.164.0,Geilo bru,Vannføring,1,Overløp,Konsesjonspålagt stasjon,I drift,25205.583333333332,1969-01-02T14:00:00Z,2023-12-31T14:00:00Z,Ikke angitt,Ikke angitt,575.34,21.52,2.69,3.28,0.22,5.85,11.54,74.53,0.05,2.98,19.18,26.7,Hallingdalsvassdraget/Drammensvassdraget,1965.86,012,Drammensvassdraget/Drammensfjorden vest,0.87,0.49,1001,1056,1624,1308,1933,763,770,4311
12.137.0,Gjerdeslåtta,Vannføring,1,Elv - naturlig profil,Konsesjonspålagt stasjon,I drift,18904.583333333332,1951-10-03T14:00:00Z,2023-12-31T14:00:00Z,Ikke angitt,Ikke angitt,770.7,16.75,4.4800000000000004,0.23,1.59,17.559999999999999,5.43,68.180000000000007,0.11,0,18.43,54.36,Hemsil/Hallingdalsvassdraget/Drammensvassdraget,1749.09,012,Drammensvassdraget/Drammensfjorden vest,0.57999999999999996,0.36,1001,912,1629,1353,1828,564,566,4227
5.3.0,Gjersjøen ndf.,Vannføring,1,Elv - kunstig profil,"Privat, ikke pålagt",I drift,26203.583333333332,1971-09-27T14:00:00Z,2023-12-31T14:00:00Z,Ikke angitt,Ikke angitt,0.05,6.04,1.17,3.41,13.92,58.23,5.16,0,12.82,0,8.0500000000000007,19.87,Gjersjøelva,1618.5,005,Nesodden og Bunnefjorden,0,0,1001,93,189,162,237,36,40,3325
18.10.0,Gjerstad,Vannføring,1,Kum,Forvaltningsstasjon,I drift,29531.583333333332,1980-11-06T14:00:00Z,2023-12-31T14:00:00Z,Ikke angitt,Ikke angitt,235.89,12.79,4.8899999999999997,0.16,1.39,81.58,3.68,3,0.02,0,18.89,30.87,Gjerstadvassdraget,1597.09,018,Vegårsvassdraget og Gjerstadvassdraget/kyst Kragerø-Tromøya,0,0,1001,172,514,365,656,37,43,7023
25.24.0,Gjuvvatn,Vannføring,1,Innsjø,Konsesjonspålagt stasjon,I drift,26053.583333333332,1971-04-30T14:00:00Z,2023-12-31T14:00:00Z,Ikke angitt,Ikke angitt,96.98,13.05,0.89,7.07,0,0,17.05,82.06,0,0,28.83,15.12,Kvina,3625.42,025,Kvina/Fedafjorden,0,0,1001,1050,1368,1185,1428,950,950,8270
2.603.0,Glåmos bru,Vannføring,1,Ikke angitt,Konsesjonspålagt stasjon,I drift,18914.583333333332,1951-10-13T14:00:00Z,2023-12-31T14:00:00Z,Ikke angitt,Ikke angitt,860.6,45.09,10.76,5.87,1.19,32.33,12.85,35.4,0.02,0,55.18,1.69,Glommavassdraget,1889.8,002,Glommavassdraget/Hvaler og Singlefjorden,0.99,0.34,1001,725,1101,865,1583,631,639,1500
2.43.0,Glomstadfoss,Vannføring,1,Elv - naturlig profil,Konsesjonspålagt stasjon,I drift,36912.583333333336,2001-01-21T14:00:00Z,2023-12-31T14:00:00Z,Ikke angitt,Ikke angitt,14438.69,1.96,9.75,0.11,1.78,49.36,2.81,28.36,0.08,0,2.13,306.87,Glommavassdraget,1331.63,002,Glommavassdraget/Hvaler og Singlefjorden,0.74,0.11,1001,485,1168,823,2170,211,210,281
87.2.0,Gloppenelva v/Eidsfoss,Vannføring,1,Ikke angitt,Konsesjonspålagt stasjon,I drift,12306.583333333334,1933-09-09T14:00:00Z,2023-12-31T14:00:00Z,Ikke angitt,Ikke angitt,615.54999999999995,6.04,1.82,3.63,3.8,25,5.8,46.48,0.09,10.76,28.04,50.57,Breimsvassdraget,1458.35,087,Breimsvassdraget/Nordfjord sør: Hyenfjorden-Innvik,0.96,0.03,1001,266,1550,1004,1844,11,20,12486
88.15.0,Grasdøla,Vannføring,1,Ikke angitt,Forvaltningsstasjon,I drift,29099.583333333332,1979-09-01T14:00:00Z,2023-12-31T14:00:00Z,Ikke angitt,Ikke angitt,34.369999999999997,59.11,0,2.13,0,3.65,7.44,81.09,0,6.19,65.27,11.8,Grasdøla/Skjerdingsdøla/Strynevassdraget,1191.27,088,Strynvassdraget/indre Nordfjord,0,0,1001,931,1585,1297,1665,590,620,12565
19.79.0,Gravå,Vannføring,1,Elv - kunstig profil,Konsesjonspålagt stasjon,I drift,25864.583333333332,1970-10-23T14:00:00Z,2023-12-31T14:00:00Z,Ikke angitt,Ikke angitt,6.3,104.2,6.48,0.03,4.3600000000000003,75.040000000000006,0.37,12.73,0,0,101.58,5.72,Fyresdalsåna/Arendalsvassdraget,1890.45,019,Arendalsvassdraget/kyst Moland-Homborsund,0,0,1001,508,958,688,1062,362,375,7179
2.235.0,Grimsmoen,Vannføring,1,Elv - naturlig profil,Forvaltningsstasjon,I drift,35719.583333333336,1997-10-16T14:00:00Z,2023-12-31T14:00:00Z,Ikke angitt,Ikke angitt,626.57000000000005,6.42,5.25,0.1,3.16,32.22,1.27,47.34,0.12,0,12.82,71.040000000000006,Folla/Glommavassdraget,1208.92,002,Glommavassdraget/Hvaler og Singlefjorden,0,0,1001,846,1393,1099,1712,686,695,750
36.13.0,Grimsvatn,Vannføring,1,Innsjø,Konsesjonspålagt stasjon,I drift,26938.583333333332,1973-09-01T14:00:00Z,2023-12-31T14:00:00Z,Ikke angitt,Ikke angitt,34.409999999999997,24.67,1.34,1.23,0,12.9,3.65,80.790000000000006,0,0,50.8,8.27,Lingvangelva,2916.16,036,Suldalsvassdraget/Sandsfjorden sør og Hylsfjorden,0,0,1001,697,1287,927,1538,564,564,9111
83.7.0,Grønengstølsvatn,Vannføring,1,Innsjø,Forvaltningsstasjon,I drift,23883.583333333332,1965-05-21T14:00:00Z,2023-12-31T14:00:00Z,Ikke angitt,Ikke angitt,65.650000000000006,36.97,0.44,2.2799999999999998,0,3.32,5.32,63.74,0,25.96,48.6,14.75,Gaularvassdraget,1518.32,083,Gaularvassdraget/Dalsfjorden,0,0,1001,792,1518,1217,1633,518,511,12161
139.13.0,Grongstadvatn,Vannføring,1,Innsjø,Forvaltningsstasjon,I drift,37893.583333333336,2003-09-29T14:00:00Z,2023-12-31T14:00:00Z,Ikke angitt,Ikke angitt,471.61,128.9,10.54,2.4900000000000002,2.99,48.59,8.44,24.33,0.03,0,137.65,2.86,Bjøra/Namsen,5133.17,139,Namsen/Namsfjorden øst,0,0,1001,108,596,317,812,11,14,14826
180.1.0,Grønlivatn,Vannføring,1,Elv - naturlig profil,Forvaltningsstasjon,I drift,32809.583333333336,1990-01-01T14:00:00Z,2023-12-31T14:00:00Z,Ikke angitt,Ikke angitt,7.52,64.33,5.81,1.69,0.02,24.23,3.82,59.46,0,0,60.57,4.87,elv fra Farstadvatnet,1945.22,180,Vestvågøy kommune,0,0,1001,118,412,270,734,67,71,16801
16.66.0,Grosettjern,Vannføring,1,Elv - kunstig profil,Konsesjonspålagt stasjon,I drift,18175.583333333332,1949-10-04T14:00:00Z,2023-12-31T14:00:00Z,Ikke angitt,Ikke angitt,6.55,27.96,18.559999999999999,3.07,0,66.81,7.62,2.35,0,0,29.87,3.48,Grosetåe/Skiensvassdraget,2400.88,016,Skiensvassdraget/Langesundsfjorden,0,0,1001,966,1069,1038,1115,937,937,6009
16.122.0,Grovåi,Vannføring,1,Elv - kunstig profil,Konsesjonspålagt stasjon,I drift,26582.583333333332,1972-10-10T14:00:00Z,2023-12-31T14:00:00Z,Ikke angitt,Ikke angitt,42.16,24.51,13.73,0.39,0.59,59.1,3.85,20.13,0,0,20.16,19.100000000000001,Grovåi/Bøelva/Skiensvassdraget,3036.4,016,Skiensvassdraget/Langesundsfjorden,0,0,1001,805,1108,931,1205,716,700,6120
12.197.0,Grunke,Vannføring,1,Ikke angitt,Konsesjonspålagt stasjon,I drift,Ikke angitt,1977-03-28T14:00:00Z,2023-12-31T14:00:00Z,Ikke angitt,Ikke angitt,184.69,27.53,4.33,0.25,0.06,12.05,2.14,76.22,0,0.12,35.36,20.73,Grunka/Flya/Åbjøra/Drammensvassdraget,1281.1099999999999,012,Drammensvassdraget/Drammensfjorden vest,0,0,1001,1012,1788,1453,1901,871,869,4390
6.10.0,Gryta,Vannføring,1,Elv - kunstig profil,Forvaltningsstasjon,I drift,24757.583333333332,1967-10-12T14:00:00Z,2023-12-31T14:00:00Z,Ikke angitt,Ikke angitt,7.03,42.27,1.69,0.41,0,94.37,2.75,0,0,0,43.03,4.8600000000000003,Nordmarkvassdraget,2167.17,006,Nordmarkvassdraget/kyst Gjersjøelva-Bygdøy,0,0,1001,248,401,323,440,166,163,3434
19.78.0,Grytå,Vannføring,2,Ikke angitt,Konsesjonspålagt stasjon,I drift,Ikke angitt,1998-01-01T14:00:00Z,2023-12-31T14:00:00Z,Ikke angitt,Ikke angitt,19.28,19.88,3.79,5.65,0,51.27,14.5,28.39,0,0,34.49,9.19,Grytåi/Frostdøl/Arendalsvassdraget,1182.7,019,Arendalsvassdraget/kyst Moland-Homborsund,0,0,1001,679,915,821,1006,631,645,7172
27.20.0,Gya,Vannføring,1,Elv - naturlig profil,Konsesjonspålagt stasjon,I drift,12218.583333333334,1933-06-13T14:00:00Z,2023-12-31T14:00:00Z,Ikke angitt,Ikke angitt,60.49,11.35,2.68,0.54,1.22,19.899999999999999,7.81,55.79,0,0,34.130000000000003,15.03,Hellelandselva,2289.81,027,Bjerkreimvassdraget/kyst Sokndal-Ogna,0.06,0,1001,475,762,648,901,200,210,8584
16.51.0,Hagadrag,Vannføring,1,Ikke angitt,Konsesjonspålagt stasjon,I drift,16336.583333333334,1944-09-21T14:00:00Z,2023-12-31T14:00:00Z,Ikke angitt,Ikke angitt,727.11,26.88,5.41,2.4300000000000002,1.8,61.27,6.3,20.13,0.11,0,15.36,1.04,Bøelva/Skiensvassdraget,1992.78,016,Skiensvassdraget/Langesundsfjorden,1,0.54,1001,385,1151,901,1536,114,116,5958
109.35.0,Håkådalselv,Vannføring,1,Elv - naturlig profil,Konsesjonspålagt stasjon,I drift,32088.583333333332,1987-11-07T14:00:00Z,2023-12-31T14:00:00Z,Ikke angitt,Ikke angitt,23.62,59.57,0.2,2.73,0,0,7.17,91.4,0,0,46.09,9.1999999999999993,Litledalselva,1539.99,109,Driva/tTngvollfjorden og Sunndalsfjorden,0,0,1001,1081,1625,1352,1866,904,915,13365
128.8.0,Håkkadalbrua,Vannføring,1,Elv - naturlig profil,Konsesjonspålagt stasjon,I drift,25279.583333333332,1969-03-17T14:00:00Z,2023-12-31T14:00:00Z,Ikke angitt,Ikke angitt,2141.5300000000002,3.2,13.34,4.08,5.08,52.89,10.16,15.57,0.08,0,6.14,111.75,Snåsavassdraget,2153.39,128,Snåsavassdraget/Beitstadfjorden øst,0.73,0.08,1001,103,610,344,940,4,10,14611
15.49.0,Halledalsvatn,Vannføring,1,Elv - naturlig profil,Konsesjonspålagt stasjon,I drift,22692.583333333332,1962-02-15T14:00:00Z,2023-12-31T14:00:00Z,Ikke angitt,Ikke angitt,59.19,24.97,5.62,3.84,0.02,60.58,6.25,19.32,0,0,21.6,11.16,Halldalsåi/Rambergåi/Numedalslågen,1404.77,015,Numedalslågen og Siljanvassdraget/kyst Sandefjord-Mølen,0,0,1001,892,1113,1043,1190,844,846,5545
212.49.0,Halsnes,Vannføring,1,Ikke angitt,Konsesjonspålagt stasjon,I drift,24408.583333333332,1966-10-28T14:00:00Z,2023-12-31T14:00:00Z,Ikke angitt,Ikke angitt,145.05000000000001,23.43,1.45,0.91,0.2,14.47,3.74,73.27,0,0,32.32,24.75,Halselva,1379.25,212,Altavassdraget/Altafjorden,0,0,1001,273,887,589,1147,28,30,17439
12.212.0,Hangtjern,Vannføring,1,Elv - naturlig profil,Forvaltningsstasjon,I drift,31518.583333333332,1986-04-16T14:00:00Z,2023-12-31T14:00:00Z,Ikke angitt,Ikke angitt,11.02,53.86,12.21,0.7,0,80.39,2.5099999999999998,4.0599999999999996,0,0,48.04,5.5,Heieelvi/Hallingdalsvassdraget/Drammensvassdraget,1584.14,012,Drammensvassdraget/Drammensfjorden vest,0,0,1001,679,942,806,1047,590,592,4432
96.3.0,Hareidselv,Vannføring,1,Elv - kunstig profil,Forvaltningsstasjon,I drift,31288.583333333332,1985-08-29T14:00:00Z,2023-12-31T14:00:00Z,Ikke angitt,Ikke angitt,40.369999999999997,18.5,1.02,5.56,5.04,35.659999999999997,11.01,17.18,0.73,0,24.36,6.77,Hareidselva,887.45,096,Hareidlandet og Gurskøya,0.11,0,1001,19,456,201,667,18,2,12856
212.9.0,Harestrømmen,Vannføring,1,Elv - naturlig profil,Konsesjonspålagt stasjon,I drift,33335.583333333336,1991-04-07T14:00:00Z,2023-12-31T14:00:00Z,Ikke angitt,Ikke angitt,6077.5,1.21,16.25,0.38,0.06,35.89,7.65,31.44,0.01,0,2.2999999999999998,197.76,Altavassdraget,1130.98,212,Altavassdraget/Altafjorden,0.98,0.05,1001,410,625,479,1086,74,79,17362
35.2.0,Hauge bru,Vannføring,1,Elv - naturlig profil,Konsesjonspålagt stasjon,I drift,2057.5833333333335,1905-08-18T14:00:00Z,2023-12-31T14:00:00Z,Ikke angitt,Ikke angitt,394.08,24,0.94,0.89,0.22,11.09,18.62,68.540000000000006,0,0,20.81,56.95,Ulla,2749.07,035,Ulla og Førreelva/Jøsenfjorden og Erfjorden,0.85,1.07,1001,687,1273,1097,1600,17,20,9008
28.7.0,Haugland,Vannføring,1,Elv - naturlig profil,Forvaltningsstasjon,I drift,6914.583333333333,1918-12-05T14:00:00Z,2023-12-31T14:00:00Z,Ikke angitt,Ikke angitt,139.35,10.53,1.26,0.44,24.28,7.32,6.23,57.59,0.18,0,9.5,27.47,Hååna,1311.64,028,Figgjo/Jæren,0,0,1001,71,326,210,431,11,18,8665
83.12.0,Haukedalsvatn ndf.,Vannføring,1,Ikke angitt,Forvaltningsstasjon,I drift,30954.583333333332,1984-09-29T14:00:00Z,2023-12-31T14:00:00Z,Ikke angitt,Ikke angitt,205.55,24.16,1.3,5.29,1.52,16.95,9.42,58.23,0,8.9499999999999993,28.61,32.89,Gaularvassdraget,1768.67,083,Gaularvassdraget/Dalsfjorden,0,0,1001,453,1434,989,1633,295,290,12178
68.2.0,Havelandselv,Vannføring,1,Ikke angitt,Forvaltningsstasjon,I drift,23674.583333333332,1998-01-01T14:00:00Z,2023-12-31T14:00:00Z,Ikke angitt,Ikke angitt,21,63.18,0.25,0.92,2.79,33.22,4.6100000000000003,49.92,0,0,68.05,7.26,Nordgulelva,1958.92,068,Sognesjøen sør,0,0,1001,139,642,514,721,0,12,10479
41.8.0,Hellaugvatn,Vannføring,1,Innsjø,Konsesjonspålagt stasjon,I drift,29887.583333333332,1981-10-28T14:00:00Z,2023-12-31T14:00:00Z,Ikke angitt,Ikke angitt,27.49,80.45,0.52,2,0,10.57,8.25,79.89,0,0,73.08,10.67,Etnevassdraget,2898.02,041,Etnevassdraget/Ålfjorden og Etnefjorden,0,0,1001,579,1123,935,1264,271,271,9450
27.24.0,Helleland,Vannføring,1,Ikke angitt,Konsesjonspålagt stasjon,I drift,28126.583333333332,1977-01-01T14:00:00Z,2023-12-31T14:00:00Z,Ikke angitt,Ikke angitt,184.72,12.65,1.1100000000000001,0.95,4.17,22.46,8.5399999999999991,48.31,0.03,0,20.45,30.66,Hellelandselva,1833.55,027,Bjerkreimvassdraget/kyst Sokndal-Ogna,0.76,0.06,1001,270,735,619,904,77,86,8596
205.8.0,Helligskogen,Vannføring,1,Elv - naturlig profil,Konsesjonspålagt stasjon,I drift,30230.583333333332,1982-10-06T14:00:00Z,2023-12-31T14:00:00Z,Ikke angitt,Ikke angitt,371.08,11.66,1.33,1.0900000000000001,0,6.87,6.72,81.010000000000005,0,0,13.88,44.47,Skibotnvassdraget,1141.1500000000001,205,Skibotnvassdraget/Lyngen: Skibotn-Kåfjorden,0.84,0,1001,565,1103,860,1407,313,317,17169
81.1.0,Hersvikvatn (Hagevatnet),Vannføring,1,Innsjø,Forvaltningsstasjon,I drift,12420.583333333334,1934-01-01T14:00:00Z,2023-12-31T14:00:00Z,Ikke angitt,Ikke angitt,7.13,0,1.66,19.420000000000002,0,10.51,20.059999999999999,12.41,0,0,13.2,3.11,Hageelva,1148.76,081,Solund kommune,0,0,1001,22,327,71,455,19,24,12102
50.11.0,Høel,Vannføring,1,Elv - kunstig profil,Konsesjonspålagt stasjon,I drift,24971.583333333332,1968-05-13T14:00:00Z,2023-12-31T14:00:00Z,Ikke angitt,Ikke angitt,594.1,9.92,8.49,0.51,0.11,2.83,7.78,76.19,0,3.92,11.03,62.48,Eidfjordvassdraget,4202.0600000000004,050,"Eidfjordvassdraget, Kinso og Sima/kyst Krossanes-Osafjorden",0.85,0.64,1001,1046,1502,1256,1849,663,680,9870
3.22.0,Høgfoss,Vannføring,1,Elv - naturlig profil,Konsesjonspålagt stasjon,I drift,28026.583333333332,1976-09-01T14:00:00Z,2023-12-31T14:00:00Z,Ikke angitt,Ikke angitt,299.62,3.45,1.19,0.56000000000000005,19.57,70.989999999999995,2.4300000000000002,0,1.57,0,3.23,62.63,Mossevassdraget,1775.78,003,Mossevassdraget/kyst Onsøy-Son,0,0,1001,110,253,176,348,42,40,3297
196.26.0,Høgskarhus,Vannføring,1,Elv - naturlig profil,Konsesjonspålagt stasjon,I drift,30456.583333333332,1983-05-20T14:00:00Z,2023-12-31T14:00:00Z,Ikke angitt,Ikke angitt,862.74,11.28,4.72,0.04,0.03,17.04,3,71.599999999999994,0,0.39,17.38,44.93,Divielva/Målselvvassdraget,1432.21,196,Målselvvassdraget/Malangen,0.06,0,1001,561,1224,837,1710,137,151,16966
123.28.0,Hokfossen,Vannføring,1,Ikke angitt,"Privat, ikke pålagt",I drift,34709.583333333336,2003-01-01T14:00:00Z,2023-12-31T14:00:00Z,Ikke angitt,Ikke angitt,8.06,23.44,20.6,1.25,0,75.349999999999994,3.94,0,0,0,37.590000000000003,4.95,Vikelva,2023.47,123,Nidelvvassdraget/Strindfjorden,0,0,1001,297,419,361,514,252,255,14068
50.1.0,Hølen,Vannføring,1,Elv - naturlig profil,Forvaltningsstasjon,I drift,8402.5833333333339,1923-01-01T14:00:00Z,2023-12-31T14:00:00Z,Ikke angitt,Ikke angitt,231.38,20.91,0.5,2,0,1.71,8.69,87.99,0,0.22,28.65,46.43,Kinso,2296.8000000000002,050,"Eidfjordvassdraget, Kinso og Sima/kyst Krossanes-Osafjorden",0.97,0,1001,1044,1465,1338,1688,121,130,9841
12.171.0,Hølervatn,Vannføring,1,Innsjø,Forvaltningsstasjon,I drift,25136.583333333332,1968-10-25T14:00:00Z,2023-12-31T14:00:00Z,Ikke angitt,Ikke angitt,79.400000000000006,12.04,17.91,2.4,0.25,61.22,7.44,8.24,0,0,15.72,18.38,Hølera/Drammensvassdraget,1382.81,012,Drammensvassdraget/Drammensfjorden vest,0,0,1001,821,1081,924,1202,779,780,4329
206.2.0,Holm bru,Vannføring,1,Elv - naturlig profil,Konsesjonspålagt stasjon,I drift,22583.583333333332,1961-09-01T14:00:00Z,2023-12-31T14:00:00Z,Ikke angitt,Ikke angitt,345.29,30.11,0.67,0.77,0.37,4.6399999999999997,8.76,84.64,0,0,28.25,39.71,Kåfjordvassdraget,1177.8900000000001,206,"Kåfjordvassdraget/Lyngen øst, Uløya, Kågen og Skjervøya",0.66,0.36,1001,765,1109,1009,1320,24,27,17199
15.61.0,Holmfoss i Numedalslågen,Vannføring,1,Elv - naturlig profil,Forvaltningsstasjon,I drift,25679.583333333332,1970-04-21T14:00:00Z,2023-12-31T14:00:00Z,Ikke angitt,Ikke angitt,5202.37,4.4800000000000004,6.45,0.49,2.25,48.08,7.74,32.43,0.19,0,3.68,336.92,Numedalslågen,1817.33,015,Numedalslågen og Siljanvassdraget/kyst Sandefjord-Mølen,0.94,0.33,1001,351,1302,998,1538,6,11,5575
84.20.0,Holsenvatn,Vannføring,1,Ikke angitt,Forvaltningsstasjon,I drift,30499.583333333332,1983-07-02T14:00:00Z,2023-12-31T14:00:00Z,Ikke angitt,Ikke angitt,71.48,62.77,3.72,5.04,2.65,34.26,6.21,48.12,0,0,68.150000000000006,14.19,Holsaelva/Jølstra,1558.14,084,Jølstra/Førdefjorden,0.19,0,1001,221,1057,733,1426,131,135,12275
25.6.0,Homstølvatn ndf.,Vannføring,1,Ikke angitt,Konsesjonspålagt stasjon,I drift,33967.583333333336,1992-12-29T14:00:00Z,2023-12-31T14:00:00Z,Ikke angitt,Ikke angitt,725.34,6.01,2.34,1.84,0.02,2.61,17.82,76.900000000000006,0,0,10.4,89.2,Kvina,3035.21,025,Kvina/Fedafjorden,1,0.74,1001,789,1229,973,1431,453,450,8228
89.1.0,Hornindalsvatn,Vannføring,1,Innsjø,Forvaltningsstasjon,I drift,92.583333333333329,1900-04-01T14:00:00Z,2023-12-31T14:00:00Z,Ikke angitt,Ikke angitt,379.72,9.61,3.42,10.55,3.42,42.79,14.89,31.51,0.06,0.28000000000000003,19.47,48.12,Hornindalsvassdraget,3450.26,089,Hornindalvassdraget/Nordfjord nord,0.08,0.01,1001,53,1034,564,1568,53,53,12747
16.193.0,Hørte,Vannføring,1,Ikke angitt,Konsesjonspålagt stasjon,I drift,28126.583333333332,1977-01-01T14:00:00Z,2023-12-31T14:00:00Z,Ikke angitt,Ikke angitt,156.63,10.59,2.64,0.28999999999999998,0.82,78.75,3.52,12.92,0,0,29.58,27.59,Hørteelva/Bøelva/Skiensvassdraget,1760.81,016,Skiensvassdraget/Langesundsfjorden,0,0,1001,289,946,559,1200,89,92,6261
84.11.0,Hovefoss,Vannføring,2,Ikke angitt,Forvaltningsstasjon,I drift,23340.583333333332,1998-01-21T14:00:00Z,2023-12-31T14:00:00Z,Ikke angitt,Ikke angitt,233.74,22.17,6.32,0.47,3.33,32.57,5.14,49.77,0,7.0000000000000007E-2,26.24,42.87,Nausta,2024.75,084,Jølstra/Førdefjorden,0,0,1001,264,1083,671,1471,11,80,12249
122.17.0,Hugdal bru,Vannføring,1,Elv - naturlig profil,Forvaltningsstasjon,I drift,26480.583333333332,1972-06-30T14:00:00Z,2023-12-31T14:00:00Z,Ikke angitt,Ikke angitt,545.94000000000005,21.09,16.899999999999999,0.01,6.34,53.32,1.55,19.64,0.1,0,22.02,45.46,Sokna/Gaula,1771.4,122,Gaula/kyst Viggjaneset-Flakk,0,0,1001,464,965,641,1255,126,135,13946
2.269.0,Hummelvoll,Vannføring,1,Elv - naturlig profil,Konsesjonspålagt stasjon,I drift,22811.583333333332,1962-06-14T14:00:00Z,2023-12-31T14:00:00Z,Ikke angitt,Ikke angitt,2419.73,2.06,11.53,0.86,2.16,40.42,7.35,28.37,0.11,0,2.65,103.35,Glommavassdraget,1797.84,002,Glommavassdraget/Hvaler og Singlefjorden,0.72,0.15,1001,707,1077,854,1594,587,591,841
103.20.0,Isa v/Morstøl bru,Vannføring,1,Elv - naturlig profil,Forvaltningsstasjon,I drift,26411.583333333332,1972-04-22T14:00:00Z,2023-12-31T14:00:00Z,Ikke angitt,Ikke angitt,44.4,82.25,0.33,0.24,0.47,18.55,2.17,72.959999999999994,0,4.51,98.51,12.55,Isavassdraget,1157.47,103,Rauma/Romsdalsfjorden,0,0,1001,352,1396,990,1726,108,103,13041
203.2.0,Jægervatn,Vannføring,1,Ikke angitt,Forvaltningsstasjon,I drift,32414.583333333332,1988-09-28T14:00:00Z,2023-12-31T14:00:00Z,Ikke angitt,Ikke angitt,93.75,13.33,7.67,7.83,0.47,28.69,10.41,44.6,0,4.6500000000000004,33.21,15.21,Jægerelva,1227.71,203,Lakselva/Ullsfjorden og Sørfjorden,0,0,1001,26,1016,294,1543,3,3,17100
12.286.0,Jaren ndf.,Vannføring,3,Ikke angitt,Forvaltningsstasjon,I drift,19054.583333333332,1956-01-01T14:00:00Z,2023-12-31T14:00:00Z,Ikke angitt,Ikke angitt,112.91,4.2699999999999996,0.31,1.2,38.15,47.48,2.34,0,2.64,0,15.33,23.42,Vigga/Randselva/Drammensvassdraget,1394.99,012,Drammensvassdraget/Drammensfjorden vest,0,0,1001,257,557,443,769,198,200,4542
26.26.0,Jogla,Vannføring,2,Ikke angitt,Konsesjonspålagt stasjon,I drift,Ikke angitt,1999-01-01T14:00:00Z,2023-12-31T14:00:00Z,Ikke angitt,Ikke angitt,31.12,46.21,0.54,0.1,0,3.01,3.2,91.98,0,0,43.44,10.36,Jogla/Sira,2643.97,026,Sira og Sokna/kyst Hidra-Sokndal,0,0,1001,842,1161,1048,1193,600,598,8401
151.21.0,Joibakken,Vannføring,1,Elv - naturlig profil,Konsesjonspålagt stasjon,I drift,26573.583333333332,1972-10-01T14:00:00Z,2023-12-31T14:00:00Z,Ikke angitt,Ikke angitt,2623.11,6.3,6.18,0.38,0.66,39.08,5.66,37.9,0.02,0.47,7.81,120.59,Vefsna,1878.23,151,Vefsna/Vefsnfjorden sør,0.06,0,1001,413,1108,769,1692,55,60,15103
84.15.0,Jølstervatn ndf.,Vannføring,1,Ikke angitt,Konsesjonspålagt stasjon,I drift,18872.583333333332,1951-09-01T14:00:00Z,2023-12-31T14:00:00Z,Ikke angitt,Ikke angitt,384.84,4.78,2.42,10.23,3.04,23.45,11.74,46.48,0.06,5.97,26.52,39.590000000000003,Jølstra,1584.45,084,Jølstra/Førdefjorden,1,0.09,1001,202,1318,758,1647,199,200,12263
15.21.0,Jondalselv,Vannføring,1,Elv - naturlig profil,Forvaltningsstasjon,I drift,34271.583333333336,1993-10-29T14:00:00Z,2023-12-31T14:00:00Z,Ikke angitt,Ikke angitt,126.87,22.26,5.03,0.25,1.32,77.209999999999994,3.46,9.4600000000000009,0,0,22.75,29.23,Jondalselva/Numedalslågen,2085.2399999999998,015,Numedalslågen og Siljanvassdraget/kyst Sandefjord-Mølen,0,0,1001,388,766,606,921,223,228,5488
163.6.0,Jordbrufjell,Vannføring,1,Elv - naturlig profil,Forvaltningsstasjon,I drift,16681.583333333332,1945-09-01T14:00:00Z,2023-12-31T14:00:00Z,Ikke angitt,Ikke angitt,70.06,14.05,8.77,1.38,0,17.3,5.57,60.58,0,0,21.9,21.64,Russåga/Saltdalsvassdraget,2855.38,163,Saltelva/Skjerstadfjorden og Saltdalsfjorden sør,0,0,1001,512,857,693,1016,437,435,16115
163.5.0,Junkerdalselv,Vannføring,1,Elv - naturlig profil,Forvaltningsstasjon,I drift,13759.583333333334,1937-09-01T14:00:00Z,2023-12-31T14:00:00Z,Ikke angitt,Ikke angitt,421.98,25.57,0.94,0.04,0.37,18.95,2.4500000000000002,66.31,0,0.51,25.01,40.47,Junkerdalselva/Saltdalsvassdraget,1662.81,163,Saltelva/Skjerstadfjorden og Saltdalsfjorden sør,0,0,1001,515,1274,922,1700,111,110,16111
61.8.0,Kaldåen,Vannføring,1,Elv - kunstig profil,Konsesjonspålagt stasjon,I drift,31297.583333333332,1985-09-07T14:00:00Z,2023-12-31T14:00:00Z,Ikke angitt,Ikke angitt,15.34,51.01,0.9,0.1,0,5.08,2.95,91.02,0,0,59.28,7.89,Kaldåni/Bergsdalsvassdraget,3011.65,061,Bergsdalsvassdraget/kyst Salhus-Dale,0,0,1001,788,1021,915,1128,594,590,10211
170.5.0,Kaldvågvatn,Vannføring,1,Elv - naturlig profil,Konsesjonspålagt stasjon,I drift,31729.583333333332,1986-11-13T14:00:00Z,2023-12-31T14:00:00Z,Ikke angitt,Ikke angitt,12.76,66.48,7.6,17.11,0,51.11,18.7,3.49,0,0,70.400000000000006,4.67,Skjevågelva,1271.95,170,Sagelvvassdraget/ytre del av Hamarøy kommune,0,0,1001,39,326,150,416,39,40,16471
33.4.0,Kalltveit i Årdal,Vannføring,1,Elv - naturlig profil,Konsesjonspålagt stasjon,I drift,37257.583333333336,2002-01-01T14:00:00Z,2023-12-31T14:00:00Z,Ikke angitt,Ikke angitt,307.38,21.79,0.85,1.74,0.4,4.6399999999999997,15.41,75.650000000000006,0,0,24.64,45.09,Årdalselva,-999,033,Årdalselva/Årdalsfjorden,0.82,0.62,1001,820,1160,1020,1262,71,80,8910
247.3.0,Karpelva,Vannføring,1,Ikke angitt,Konsesjonspålagt stasjon,I drift,30937.583333333332,1984-09-12T14:00:00Z,2023-12-31T14:00:00Z,Ikke angitt,Ikke angitt,128.88999999999999,10.44,13.37,0.37,0.32,52.8,5.52,11.58,0,0,10.48,24.91,Karpelva,1266.73,247,Grense Jakobselv/Varangerfjorden øst,0,0,1001,123,289,215,405,19,18,17933
19.73.0,Kilåi bru,Vannføring,1,Elv - naturlig profil,Konsesjonspålagt stasjon,I drift,24838.583333333332,1968-01-01T14:00:00Z,2023-12-31T14:00:00Z,Ikke angitt,Ikke angitt,63.66,20.85,7.09,2.44,0,54.37,9.1300000000000008,11.73,0,0,24.93,17.97,Kilåi/Fyresdalsåna/Arendalsvassdraget,2009,019,Arendalsvassdraget/kyst Moland-Homborsund,0,0,1001,602,849,700,921,319,270,7157
16.194.0,Kilen,Vannføring,1,Ikke angitt,Forvaltningsstasjon,I drift,32696.583333333332,1989-07-07T14:00:00Z,2023-12-31T14:00:00Z,Ikke angitt,Ikke angitt,118.08,16.100000000000001,3.09,0.89,0.46,81.02,5.15,8.4499999999999993,0,0,18.86,24.02,Kileåi/Vest-vassdraget/Skiensvassdraget,1962.55,016,Skiensvassdraget/Langesundsfjorden,0,0,1001,273,781,539,1073,118,119,6268
62.15.0,Kinne,Vannføring,1,Elv - naturlig profil,"Privat, ikke pålagt",I drift,30441.583333333332,1983-05-05T14:00:00Z,2023-12-31T14:00:00Z,Ikke angitt,Ikke angitt,511.38,21.48,3.1,0.05,1.04,27.43,3.52,61.6,7.0000000000000007E-2,0.42,23.66,51.35,Raundalselvi/Vossovassdraget,3042.53,062,Vossovassdraget/Bolstadfjorden,0,0,1001,579,1386,1074,1603,84,80,10279
16.23.0,Kirkevoll bru,Vannføring,3,Ikke angitt,Konsesjonspålagt stasjon,I drift,36526.583333333336,2000-01-01T14:00:00Z,2023-12-31T14:00:00Z,Ikke angitt,Ikke angitt,3841.9,7.23,6.71,2.2200000000000002,0.32,24,11.29,55.51,0.06,0.01,6.51,175.62,Skiensvassdraget,2027.31,016,Skiensvassdraget/Langesundsfjorden,0.98,0.55000000000000004,1001,746,1410,1239,1870,177,180,5899
212.11.0,Kista,Vannføring,1,Elv - naturlig profil,Konsesjonspålagt stasjon,I drift,26087.583333333332,1971-05-27T14:00:00Z,2023-12-31T14:00:00Z,Ikke angitt,Ikke angitt,6181.8,1.1499999999999999,16.059999999999999,0.37,0.06,35.799999999999997,7.6,31.79,0.01,0,2.15,213.53,Altavassdraget,1135.29,212,Altavassdraget/Altafjorden,0.96,0.05,1001,410,625,479,1086,38,43,17388
12.228.0,Kistefoss,Vannføring,1,Elv - naturlig profil,Konsesjonspålagt stasjon,I drift,5932.583333333333,1916-03-28T14:00:00Z,2023-12-31T14:00:00Z,Ikke angitt,Ikke angitt,3702.93,5.2,9.58,3.83,5.25,64.45,7.51,6.91,0.31,0,5.59,184.71,Randselva/Drammensvassdraget,1454.12,012,Drammensvassdraget/Drammensfjorden vest,1,0.38,1001,286,1053,687,1681,117,115,4458
123.31.0,Kjeldstad i Garbergelva,Vannføring,1,Elv - naturlig profil,Konsesjonspålagt stasjon,I drift,4750.583333333333,1912-11-23T14:00:00Z,2023-12-31T14:00:00Z,Ikke angitt,Ikke angitt,142.97999999999999,15.18,14.96,0.12,0.43,43.23,2.61,34.770000000000003,0,0,20.62,33.299999999999997,Garbergselva/Nidelvvassdraget,-999,123,Nidelvvassdraget/Strindfjorden,0,0,1001,403,876,591,1162,193,172,14092
163.7.0,Kjemåvatn,Vannføring,1,Elv - naturlig profil,Forvaltningsstasjon,I drift,25447.583333333332,1969-09-01T14:00:00Z,2023-12-31T14:00:00Z,Ikke angitt,Ikke angitt,36.39,32.840000000000003,1.58,7.23,0,4.78,8.19,82.54,0,0.06,27.31,12.3,Kjemåga/Saltdalsvassdraget,1661.27,163,Saltelva/Skjerstadfjorden og Saltdalsfjorden sør,0,0,1001,640,1276,944,1503,626,625,16121
244.5.0,Kjerringvatn,Vannføring,1,Innsjø,Konsesjonspålagt stasjon,I drift,37921.583333333336,2003-10-27T14:00:00Z,2023-12-31T14:00:00Z,Ikke angitt,Ikke angitt,22.65,11.66,6.99,7.75,0,0,15.04,77.95,0,0,13.91,7.55,Gærretjåkka/Gallotjohka/Neidenvassdraget,2260.44,244,Neidenvassdraget/Munkfjorden,1,0,1001,282,388,327,431,274,274,17888
22.4.0,Kjølemo,Vannføring,1,Elv - naturlig profil,Konsesjonspålagt stasjon,I drift,-1245.4166666666667,NA,2023-12-31T14:00:00Z,Ikke angitt,Ikke angitt,1757.7,7.9,6.12,0.39,1.37,47.07,8.32,33.07,0.05,0,7.1,124.12,Mandalselva,2078.44,022,Mandalselva/kyst Flekkerøy-Mandal by,0.85,0.16,1001,255,934,628,1161,5,20,8017
25.32.0,Knabåni,Vannføring,1,Elv - naturlig profil,Konsesjonspålagt stasjon,I drift,34031.583333333336,1993-03-03T14:00:00Z,2023-12-31T14:00:00Z,Ikke angitt,Ikke angitt,46,40.56,4.8899999999999997,0.52,0.47,15.83,5.81,65.67,0,0,34.369999999999997,16.18,Knabeåni/Kvina,2244.02,025,Kvina/Fedafjorden,0,0.02,1001,546,905,773,987,372,390,8288
2.142.0,Knappom,Vannføring,1,Elv - naturlig profil,Konsesjonspålagt stasjon,I drift,6177.583333333333,1916-11-28T14:00:00Z,2023-12-31T14:00:00Z,Ikke angitt,Ikke angitt,1643.02,3.77,15.92,0.09,2.19,72.78,2.23,0,0.02,0,4.8899999999999997,116.83,Flisa/Glommavassdraget,1135.92,002,Glommavassdraget/Hvaler og Singlefjorden,0,0,1001,287,588,438,807,158,166,532
303.2.0,Kobvatn,Vannføring,1,Elv - naturlig profil,Konsesjonspålagt stasjon,I drift,28375.583333333332,1977-09-07T14:00:00Z,2023-12-31T14:00:00Z,Ikke angitt,Ikke angitt,82.7,2.4700000000000002,0,16.64,0,0,23.91,62.81,0,13.39,7.99,16.760000000000002,Siddisjaurevassdraget/Vietasätno/Luleälven,1628.37,303,Luleelven,0,0,1001,720,1229,839,1729,690,690,17938
12.200.0,Kolbjørnshus,Vannføring,1,Elv - naturlig profil,Konsesjonspålagt stasjon,I drift,28602.583333333332,1978-04-22T14:00:00Z,2023-12-31T14:00:00Z,Ikke angitt,Ikke angitt,2063.4899999999998,10.24,14.14,7.0000000000000007E-2,2.19,58.5,3.99,12.39,0.09,0,10.09,100.56,Randselva/Drammensvassdraget,1405.69,012,Drammensvassdraget/Drammensfjorden vest,0.52,0.22,1001,568,1110,905,1681,140,150,4398
12.113.0,Kråkefjord ndf.,Vannføring,2,Ikke angitt,"Privat, ikke pålagt",I drift,11202.583333333334,1976-01-01T14:00:00Z,2023-12-31T14:00:00Z,Ikke angitt,Ikke angitt,703.88,14.82,7.6,1.17,2.5,71.66,4.5999999999999996,10.01,0.05,0,16.88,62.78,Simoa/Drammensvassdraget,1673.68,012,Drammensvassdraget/Drammensfjorden vest,1,0.09,1001,282,1077,697,1465,102,103,4164
2.279.0,Kråkfoss,Vannføring,1,Elv - naturlig profil,Konsesjonspålagt stasjon,I drift,24189.583333333332,1966-03-23T14:00:00Z,2023-12-31T14:00:00Z,Ikke angitt,Ikke angitt,435.21,8.68,4.34,0.37,10.83,75.510000000000005,4.3499999999999996,0.02,3.01,0,9.0299999999999994,65.42,Leira/Nitelva/Glommavassdraget,1534.28,002,Glommavassdraget/Hvaler og Singlefjorden,0,0,1001,196,655,466,811,121,124,871
2.280.0,Kringlerdal,Vannføring,1,Elv - naturlig profil,Forvaltningsstasjon,I drift,24201.583333333332,1966-04-04T14:00:00Z,2023-12-31T14:00:00Z,Ikke angitt,Ikke angitt,265.58,10.69,5.69,0.96,2.8,85,5.83,0.04,0.3,0,11.38,47.89,Leira/Nitelva/Glommavassdraget,1468.17,002,Glommavassdraget/Hvaler og Singlefjorden,0,0,1001,324,687,552,811,170,180,882
75.23.0,Krokenelv,Vannføring,1,Elv - naturlig profil,Konsesjonspålagt stasjon,I drift,23852.583333333332,1965-04-20T14:00:00Z,2023-12-31T14:00:00Z,Ikke angitt,Ikke angitt,45.92,79.59,0.32,0.05,0.04,18.34,1.08,77.47,0,0,83.45,14.69,Krokadalselvi,1148.07,075,Fortunvassdraget/Lusterfjorden øst og nord,0,0,1001,725,1321,1179,1464,13,15,11445
2.616.0,Kuggerud,Vannføring,1,Ikke angitt,Forvaltningsstasjon,I drift,28198.583333333332,1977-03-14T14:00:00Z,2023-12-31T14:00:00Z,Ikke angitt,Ikke angitt,48.3,8.2899999999999991,11.44,1.1399999999999999,0.13,85.13,3.18,0,0,0,12.69,20.260000000000002,Kugga/Oppstadåa/Glommavassdraget,1238.45,002,Glommavassdraget/Hvaler og Singlefjorden,0,0,1001,315,462,388,506,165,170,1568
123.34.0,Kulset bru,Vannføring,1,Elv - naturlig profil,Konsesjonspålagt stasjon,I drift,31413.583333333332,1986-01-01T14:00:00Z,2023-12-31T14:00:00Z,Ikke angitt,Ikke angitt,2052.04,8.64,12.78,1.31,0.89,26.43,6.73,47.04,0.02,0,9.77,105.22,Nidelvvassdraget,2075.9299999999998,123,Nidelvvassdraget/Strindfjorden,0.9,0.42,1001,509,1134,810,1789,160,159,14103
213.4.0,Kvalsund,Vannføring,1,Elv - naturlig profil,Konsesjonspålagt stasjon,I drift,28734.583333333332,1978-09-01T14:00:00Z,2023-12-31T14:00:00Z,Ikke angitt,Ikke angitt,124.8,18.84,1.58,1.02,0.01,2,6.82,83.16,0,0,18.399999999999999,20.38,Kvalsundelva,1661.13,213,Repparfjordvassdraget/Vargsundet og Sammelsund,0,0,1001,185,574,401,708,12,30,17598
36.52.0,Kvanndalså,Vannføring,1,Elv - naturlig profil,Konsesjonspålagt stasjon,I drift,36342.583333333336,1999-07-01T14:00:00Z,2023-12-31T14:00:00Z,Ikke angitt,Ikke angitt,68.94,38.94,0.12,0.25,0,3.46,5.76,85.66,0,0.12,40.61,17.53,Roaldkvamsåna/Suldalsvassdraget,2808.82,036,Suldalsvassdraget/Sandsfjorden sør og Hylsfjorden,0.1,0.1,1001,930,1525,1355,1651,635,638,9222
2.439.0,Kvarstadseter,Vannføring,1,Elv - naturlig profil,Konsesjonspålagt stasjon,I drift,29049.583333333332,1979-07-13T14:00:00Z,2023-12-31T14:00:00Z,Ikke angitt,Ikke angitt,375.06,8.84,29.46,0.05,0.28999999999999998,40.76,2.72,16.7,0,0,11.83,39.22,Åsta/Glommavassdraget,1339.02,002,Glommavassdraget/Hvaler og Singlefjorden,0,0,1001,768,1043,922,1191,668,665,1292
16.140.0,Kvenna,Vannføring,1,Elv - naturlig profil,Konsesjonspålagt stasjon,I drift,31778.583333333332,1987-01-01T14:00:00Z,2023-12-31T14:00:00Z,Ikke angitt,Ikke angitt,821.46,3.51,5.32,1.1100000000000001,0,1.33,10.59,82.58,0,0.04,6.24,61.22,Skiensvassdraget,2495.58,016,Skiensvassdraget/Langesundsfjorden,0,0,1001,1193,1444,1342,1621,938,935,6171
36.31.0,Kvilldal,Vannføring,1,Elv - kunstig profil,Konsesjonspålagt stasjon,I drift,31224.583333333332,1985-06-26T14:00:00Z,2023-12-31T14:00:00Z,Ikke angitt,Ikke angitt,80.989999999999995,82.8,1.18,0.5,0.51,18.93,6.06,71.48,0,0,81.72,14.83,Kvilldalsåna/Suldalsvassdraget,3077.47,036,Suldalsvassdraget/Sandsfjorden sør og Hylsfjorden,0.84,0.03,1001,642,1253,1058,1424,93,96,9165
2.213.0,Kvisla Bruk,Vannføring,1,Elv - naturlig profil,Konsesjonspålagt stasjon,I drift,10228.583333333334,1928-01-01T14:00:00Z,2023-12-31T14:00:00Z,Ikke angitt,Ikke angitt,162.37,6.49,9.81,5.54,7.36,71.569999999999993,6.42,0,0.18,0,9.26,27.32,Moelva/Vorma-Lågen/Glommavassdraget,1266.3699999999999,002,Glommavassdraget/Hvaler og Singlefjorden,0.95,0.22,1001,351,597,479,705,315,320,692
168.3.0,Lakså bru,Vannføring,1,Elv - naturlig profil,Forvaltningsstasjon,I drift,19541.583333333332,1953-07-01T14:00:00Z,2023-12-31T14:00:00Z,Ikke angitt,Ikke angitt,26.67,10.72,5.4,7.38,0,49.92,10.199999999999999,23.1,0,0,24.6,8.58,Lakså,1960.9,168,Nordfolda,0,0,1001,44,612,248,934,19,19,16454
151.28.0,Laksfors,Vannføring,1,Ikke angitt,Konsesjonspålagt stasjon,I drift,19299.583333333332,1952-11-01T14:00:00Z,2023-12-31T14:00:00Z,Ikke angitt,Ikke angitt,3653.4,6.08,6.23,0.22,0.6,39.58,5.95,38.21,0.03,0.39,7.03,137.62,Vefsna,1984.44,151,Vefsna/Vefsnfjorden sør,0.09,0,1001,392,1071,753,1692,35,38,15116
166.1.0,Lakshola,Vannføring,1,Elv - naturlig profil,Konsesjonspålagt stasjon,I drift,6089.583333333333,1916-09-01T14:00:00Z,2023-12-31T14:00:00Z,Ikke angitt,Ikke angitt,230.41,18.57,0.43,1.82,0.02,16.7,12.9,48.25,0,0.97,23.29,27.43,Laksåga,2116.27,166,Fagerbakkvassdraget og Laksåga/Sørfolda sør,0.33,0.06,1001,355,959,536,1324,9,20,16296
2.25.0,Lalm,Vannføring,1,Ikke angitt,Konsesjonspålagt stasjon,I drift,Ikke angitt,1971-03-03T14:00:00Z,2023-12-31T14:00:00Z,Ikke angitt,Ikke angitt,3977.82,5.48,1.01,0.38,1.52,15.82,4.49,69.73,0.05,5.21,7.17,130.80000000000001,Otta/Vorma-Lågen/Glommavassdraget,1162.3800000000001,002,Glommavassdraget/Hvaler og Singlefjorden,1,0.14000000000000001,1001,830,1804,1406,2464,349,360,213
307.7.0,Landbru,Vannføring,1,Elv - naturlig profil,Forvaltningsstasjon,I drift,15930.583333333334,1943-08-12T14:00:00Z,2023-12-31T14:00:00Z,Ikke angitt,Ikke angitt,61.37,18.829999999999998,4.25,6.17,0,34.549999999999997,10.53,38.869999999999997,0,0,26.53,14.59,Linvasselva/Faxälven,1421.25,307,Ångermanelven,0,0,1001,555,916,737,1120,474,470,17959
26.18.0,Langhølen,Vannføring,1,Elv - naturlig profil,Konsesjonspålagt stasjon,I drift,24954.583333333332,1968-04-26T14:00:00Z,2023-12-31T14:00:00Z,Ikke angitt,Ikke angitt,1901.48,7.54,1.51,2.4500000000000002,1.04,23.08,12.64,55.71,0.1,0,7.07,150.38999999999999,Sira,2404.15,026,Sira og Sokna/kyst Hidra-Sokndal,1,0.66,1001,334,1113,816,1421,0,5,8375
12.188.0,Langtjernbekk,Vannføring,1,Elv - kunstig profil,Forvaltningsstasjon,I drift,26941.583333333332,1973-10-04T14:00:00Z,2023-12-31T14:00:00Z,Ikke angitt,Ikke angitt,4.67,27.14,6.57,5.1100000000000003,0,86.79,6.78,0,0,0,24.31,3.54,Trommaldelva/Hallingdalsvassdraget/Drammensvassdraget,1791.62,012,Drammensvassdraget/Drammensfjorden vest,0,0,1001,531,668,597,755,516,516,4363
178.1.0,Langvatn,Vannføring,1,Innsjø,Forvaltningsstasjon,I drift,19581.583333333332,1953-08-10T14:00:00Z,2023-12-31T14:00:00Z,Ikke angitt,Ikke angitt,18.41,74.38,4.3600000000000003,6.13,0.51,32.71,8.41,49.65,0,0,64.59,6.94,Langvasselva,1745.02,178,Vestre Hinnøya,0,0,1001,46,726,395,1104,28,27,16777
36.32.0,Lauvastøl,Vannføring,1,Elv - kunstig profil,Konsesjonspålagt stasjon,I drift,31138.583333333332,1985-04-01T14:00:00Z,2023-12-31T14:00:00Z,Ikke angitt,Ikke angitt,20.72,96.65,1.29,0.4,0,13.55,3.1,80.52,0,0,84.69,8.19,Kvilldalsåna/Suldalsvassdraget,2606.41,036,Suldalsvassdraget/Sandsfjorden sør og Hylsfjorden,0,0,1001,742,1303,1086,1421,608,610,9169
72.22.0,Låvisbrua,Vannføring,1,Elv - naturlig profil,Konsesjonspålagt stasjon,I drift,32680.583333333332,1989-06-21T14:00:00Z,2023-12-31T14:00:00Z,Ikke angitt,Ikke angitt,770.13,30.71,0.22,0.46,0.17,6.58,11.82,78.760000000000005,0,0.96,29.92,51.71,Aurlandsvassdraget,1766,072,Aurlandsvassdraget/Aurlandsfjorden,0.99,0.78,1001,1147,1651,1558,1766,29,50,10621
151.11.0,Lavvatn,Vannføring,1,Innsjø,Konsesjonspålagt stasjon,I drift,23590.583333333332,1964-08-01T14:00:00Z,2023-12-31T14:00:00Z,Ikke angitt,Ikke angitt,73.72,21.2,1.87,1.41,0,11.23,5.18,77.989999999999995,0,0,37.71,15.22,Hundåla,2364.91,151,Vefsna/Vefsnfjorden sør,0,0,1001,346,782,551,999,226,226,15067
33.8.0,Leirberget i Årdal,Vannføring,1,Elv - kunstig profil,Konsesjonspålagt stasjon,I drift,35482.583333333336,1997-02-21T14:00:00Z,2023-12-31T14:00:00Z,Ikke angitt,Ikke angitt,520.58000000000004,19.600000000000001,1.05,1.22,1.03,11.5,14.47,67.47,0,0,22.62,52.38,Årdalselva,2407.98,033,Årdalselva/Årdalsfjorden,0.69,0.4,1001,559,1128,930,1262,4,5,8921
213.2.0,Leirbotnvatn,Vannføring,1,Innsjø,Forvaltningsstasjon,I drift,22578.583333333332,1961-10-24T14:00:00Z,2023-12-31T14:00:00Z,Ikke angitt,Ikke angitt,135.47,18.36,2.64,1.17,0,14.1,5.9,75.61,0,0,19.43,24.91,Leirbotnelva (lakselva),1829.46,213,Repparfjordvassdraget/Vargsundet og Sammelsund,0,0,1001,359,596,503,707,159,161,17590
50.38.0,Leiro,Vannføring,1,Elv - naturlig profil,Konsesjonspålagt stasjon,I drift,35773.583333333336,1988-07-12T14:00:00Z,2023-12-31T14:00:00Z,Ikke angitt,Ikke angitt,115.34,32.880000000000003,0.67,1.68,0,0,8.91,73.48,0,16.899999999999999,40.229999999999997,14.52,Leiro/Eidfjordvassdraget,3393.77,050,"Eidfjordvassdraget, Kinso og Sima/kyst Krossanes-Osafjorden",0,0,1001,1110,1701,1372,1849,958,960,9887
172.7.0,Leirpoldvatn,Vannføring,1,Elv - naturlig profil,Forvaltningsstasjon,I drift,25718.583333333332,1970-05-30T14:00:00Z,2023-12-31T14:00:00Z,Ikke angitt,Ikke angitt,18.72,36.74,4.84,4.45,0,38.130000000000003,4.68,26.62,0,0,38.76,4.46,Leirpollelva,913.14,172,Forsåvassdraget/Efjorden,0,0,1001,44,610,232,964,23,26,16553
2.634.0,Lena,Vannføring,1,Elv - naturlig profil,Konsesjonspålagt stasjon,I drift,33309.583333333336,1991-03-11T14:00:00Z,2023-12-31T14:00:00Z,Ikke angitt,Ikke angitt,183.64,16.670000000000002,4.53,0.03,34.770000000000003,55.03,1.38,0,0.71,0,15.85,29.59,Lenaelva/Vorma-Lågen/Glommavassdraget,1175.94,002,Glommavassdraget/Hvaler og Singlefjorden,0,0,1001,323,626,440,753,221,227,1611
155.27.0,Lendingosen (Varnvatnet),Vannføring,1,Innsjø,Konsesjonspålagt stasjon,I drift,34029.583333333336,1993-03-01T14:00:00Z,2023-12-31T14:00:00Z,Ikke angitt,Ikke angitt,159.03,8.52,4.87,4.45,0.28999999999999998,44.86,9.65,27.64,0,0.11,10.23,29.43,Røssåga,2133.38,155,Røssåga/elsfjord og Sørfjorden,0,0,1001,501,922,673,1373,412,413,15273
308.1.0,Lenglingen,Vannføring,1,Innsjø,Forvaltningsstasjon,I drift,9222.5833333333339,1925-03-31T14:00:00Z,2023-12-31T14:00:00Z,Ikke angitt,Ikke angitt,449.98,8.9499999999999993,21.54,4.1100000000000003,0.52,39.79,8.3000000000000007,24.83,0,0,9.42,43.22,Holdelva/Hårkan,2102.83,308,Indalselven,0,0,1001,440,847,661,1388,353,354,17981
2.346.0,Lesjaverk (Lesjaskogvatnet),Vannføring,1,Innsjø,Forvaltningsstasjon,I drift,26579.583333333332,1972-10-07T14:00:00Z,2023-12-31T14:00:00Z,Ikke angitt,Ikke angitt,90.47,-0.21,1.07,2.44,1.79,25.05,3.35,67.430000000000007,0,0.33,-0.31,6.44,Vorma-Lågen/Glommavassdraget,1443.63,002,Glommavassdraget/Hvaler og Singlefjorden,0,0,1001,639,1486,1246,1741,609,611,1058
32.6.0,Liarvatn ndf.,Vannføring,1,Ikke angitt,Konsesjonspålagt stasjon,I drift,12929.583333333334,1935-05-25T14:00:00Z,2023-12-31T14:00:00Z,Ikke angitt,Ikke angitt,56.12,21.92,1,3.75,0,29.84,14.37,50.28,0,0,20.8,18.55,Jørpelandsåna,1299.67,032,Jørpelandsåna/Strand kommune,1,0.04,1001,461,761,660,845,293,295,8892
2.275.0,Liavatn,Vannføring,1,Innsjø,Konsesjonspålagt stasjon,I drift,23743.583333333332,1965-01-01T14:00:00Z,2023-12-31T14:00:00Z,Ikke angitt,Ikke angitt,213.12,18.78,0.44,1.59,0.08,12.26,5.28,70.040000000000006,0,11.04,19.7,28.12,Ostri/Otta/Vorma-Lågen/Glommavassdraget,1104.1300000000001,002,Glommavassdraget/Hvaler og Singlefjorden,0,0,1001,935,1747,1479,2085,734,733,852
2.479.0,Li bru,Vannføring,1,Elv - naturlig profil,Forvaltningsstasjon,I drift,32261.583333333332,1988-04-28T14:00:00Z,2023-12-31T14:00:00Z,Ikke angitt,Ikke angitt,156.86000000000001,19.22,1.43,0.01,0.28000000000000003,10.87,1.27,80.66,0,0,23.42,29.76,Atna/Glommavassdraget,1270.1099999999999,002,Glommavassdraget/Hvaler og Singlefjorden,0,0,1001,1016,1777,1336,2170,749,748,1419
122.14.0,Lillebudal bru,Vannføring,1,Elv - naturlig profil,Forvaltningsstasjon,I drift,23264.583333333332,1963-09-10T14:00:00Z,2023-12-31T14:00:00Z,Ikke angitt,Ikke angitt,168.11,20.48,11.98,0.02,0.74,22.27,1.48,62.21,0,0,20.329999999999998,29.76,Bua/Gaula,3524.14,122,Gaula/kyst Viggjaneset-Flakk,0,0,1001,689,1105,965,1309,511,515,13936
104.1.0,Lille Eikesdalsvatn,Vannføring,2,Innsjø,Konsesjonspålagt stasjon,I drift,2558.5833333333335,1907-01-01T14:00:00Z,2023-12-31T14:00:00Z,Ikke angitt,Ikke angitt,801.61,17.309999999999999,0.56000000000000005,0.85,0.1,3.58,7.76,80.650000000000006,0,0.23,23.94,54.22,Eira,1317.62,104,Eira/langfjorden,0.84,0.69,1001,935,1659,1305,1959,137,138,13170
19.107.0,Lilleelv,Vannføring,1,Elv - naturlig profil,Forvaltningsstasjon,I drift,30611.583333333332,1983-10-22T14:00:00Z,2023-12-31T14:00:00Z,Ikke angitt,Ikke angitt,40.520000000000003,4.34,1.38,1.96,4.17,85.39,4.9800000000000004,0,0.8,0,5.23,17.22,Lilleelva/Arendalsvassdraget,1148.3,019,Arendalsvassdraget/kyst Moland-Homborsund,0,0,1001,64,151,111,206,12,18,7236
209.4.0,Lillefossen,Vannføring,1,Elv - naturlig profil,Konsesjonspålagt stasjon,I drift,22457.583333333332,1961-06-25T14:00:00Z,2023-12-31T14:00:00Z,Ikke angitt,Ikke angitt,330.6,15.89,0.9,0.14000000000000001,0.03,11.41,4.2699999999999996,80.349999999999994,0,0,22.77,41.95,Navitelva,1123.6400000000001,209,Kvænangsvassdraget/Kvænangen sør,0.05,0,1001,454,1082,866,1322,29,25,17257
196.11.0,Lille Rostavatn,Vannføring,1,Innsjø,Konsesjonspålagt stasjon,I drift,21582.583333333332,1959-02-01T14:00:00Z,2023-12-31T14:00:00Z,Ikke angitt,Ikke angitt,638.38,15,5.2,3.71,0.23,13.42,7.8,67.52,0,0.28999999999999998,11.51,50.13,Målselvvassdraget,1266.18,196,Målselvvassdraget/Malangen,0,0,1001,376,1141,829,1586,101,102,16929
21.47.0,Lislefjødd,Vannføring,1,Elv - kunstig profil,Konsesjonspålagt stasjon,I drift,26641.583333333332,1972-12-08T14:00:00Z,2023-12-31T14:00:00Z,Ikke angitt,Ikke angitt,19.010000000000002,33.159999999999997,12.53,0.05,0,5.0599999999999996,2.4300000000000002,79.92,0,0,46.27,10.94,Lislefjøddåi/Otra,3170.91,021,Otra/Kristiansand og Flekkerøy,0,0,1001,1050,1360,1141,1430,885,890,7786
223.2.0,Lombola,Vannføring,1,Ikke angitt,Konsesjonspålagt stasjon,I drift,22190.583333333332,1960-10-01T14:00:00Z,2023-12-31T14:00:00Z,Ikke angitt,Ikke angitt,877.14,4.46,4.78,0.12,0,11.98,4.54,75.290000000000006,0,0,6.59,81.63,Stabburselva,1387.27,223,Stabburselva/indre Porsangen vest,0,0,1001,349,653,458,1136,53,58,17650
2.132.0,Lomnessjø,Vannføring,1,Ikke angitt,Konsesjonspålagt stasjon,I drift,10594.583333333334,1929-01-01T14:00:00Z,2023-12-31T14:00:00Z,Ikke angitt,Ikke angitt,1164.4100000000001,4.9000000000000004,7.31,0.34,2.41,56.02,1.53,29.84,0.04,0,5.86,74.260000000000005,Rena/Glommavassdraget,1025.31,002,Glommavassdraget/Hvaler og Singlefjorden,0,0,1001,558,1098,878,1651,252,256,501
2.145.0,Losna,Vannføring,1,Kum,Konsesjonspålagt stasjon,I drift,-1458.4166666666667,NA,2023-12-31T14:00:00Z,Ikke angitt,Ikke angitt,11205.42,2.65,3.68,0.18,2.58,26.55,4.51,56.17,0.1,2.4500000000000002,2.39,178.83,Vorma-Lågen/Glommavassdraget,1165.47,002,Glommavassdraget/Hvaler og Singlefjorden,1,0.14000000000000001,1001,807,1740,1246,2466,172,180,546
88.4.0,Lovatn,Vannføring,1,Innsjø,Forvaltningsstasjon,I drift,80.583333333333329,1900-03-20T14:00:00Z,2023-12-31T14:00:00Z,Ikke angitt,Ikke angitt,234.88,5.96,0.01,4.5,0.18,17.18,5.23,42.34,0,33.22,70.040000000000006,19.25,Loenvassdraget,967.44,088,Strynvassdraget/indre Nordfjord,0,0,1001,262,1787,1450,2073,50,52,12527
196.12.0,Lundberg,Vannføring,1,Elv - naturlig profil,Konsesjonspålagt stasjon,I drift,22525.583333333332,1961-09-01T14:00:00Z,2023-12-31T14:00:00Z,Ikke angitt,Ikke angitt,246.53,13.3,0.38,0.01,0.59,18.39,0.95,75.88,0,1.91,12.04,27.07,Sørdalselva/Barduelva/Målselvvassdraget,2245.0100000000002,196,Målselvvassdraget/Malangen,0,0,1001,403,1410,938,1564,92,89,16934
221.1.0,Magerøy,Vannføring,1,Innsjø,Konsesjonspålagt stasjon,I drift,33831.583333333336,1992-08-15T14:00:00Z,2023-12-31T14:00:00Z,Ikke angitt,Ikke angitt,2.73,28.92,0,8.31,0,0,10.83,89.14,0,0,37.72,3.18,Magerøya,1478.21,221,Magerøya,0,0,1001,133,271,213,294,108,109,17637
313.10.0,Magnor,Vannføring,1,Ikke angitt,Forvaltningsstasjon,I drift,29180.583333333332,1979-11-21T14:00:00Z,2023-12-31T14:00:00Z,Ikke angitt,Ikke angitt,357.86,2.94,5.27,0.34,7.53,81.25,4.22,0,0.34,0,6.94,38.49,Vrangselva/Byälven-mangenvassdraget,1268.6600000000001,313,Vanern-gøta elv's sidenedbørfelt byelven,0,0,1001,175,373,269,456,124,121,18106
196.35.0,Målselvfossen,Vannføring,1,Ikke angitt,Konsesjonspålagt stasjon,I drift,23824.583333333332,1965-03-23T14:00:00Z,2023-12-31T14:00:00Z,Ikke angitt,Ikke angitt,3110.65,7.29,4.55,0.2,0.66,25.27,4.5599999999999996,60.93,0.01,0.49,6.23,104.27,Målselvvassdraget,1483.03,196,Målselvvassdraget/Malangen,0.1,0.06,1001,247,1224,799,1710,22,30,16985
70.8.0,Målset,Vannføring,1,Elv - kunstig profil,Konsesjonspålagt stasjon,I drift,25184.583333333332,1968-12-12T14:00:00Z,2023-12-31T14:00:00Z,Ikke angitt,Ikke angitt,7.71,65.13,1.18,2.76,0,0.35,9.76,88.79,0,0,52.56,6.74,Pyttane/Dalselvi,3329.39,070,Viksvassdraget/Varmråk-Vangsnes,0,0,1001,979,1272,1094,1362,870,870,10508
206.3.0,Manndalen bru,Vannføring,2,Elv - naturlig profil,Konsesjonspålagt stasjon,I drift,26177.583333333332,1971-09-01T14:00:00Z,2023-12-31T14:00:00Z,Ikke angitt,Ikke angitt,200.4,30.77,0.22,0.04,2.41,15.44,2.63,77.05,0,0,30.46,33.979999999999997,Manndalselva,1590.06,206,"Kåfjordvassdraget/Lyngen øst, Uløya, Kågen og Skjervøya",0,0,1001,268,1168,1008,1318,17,16,17207
212.10.0,Masi,Vannføring,1,Elv - naturlig profil,Konsesjonspålagt stasjon,I drift,24351.583333333332,1966-09-01T14:00:00Z,2023-12-31T14:00:00Z,Ikke angitt,Ikke angitt,5620.81,1.37,16.91,0.26,0.05,36.03,7.51,30.6,0.01,0,1.7,155.56,Altavassdraget,1108.46,212,Altavassdraget/Altafjorden,0,0,1001,389,646,485,1086,271,272,17375
78.12.0,Mel,Vannføring,1,Elv - kunstig profil,"Privat, ikke pålagt",I drift,35796.583333333336,1998-01-01T14:00:00Z,2023-12-31T14:00:00Z,Ikke angitt,Ikke angitt,53.91,90.74,0.02,0.71,0.22,15.49,6.12,64.66,0,11.09,85.93,13.09,Vetlefjordelvi,1530.64,078,Vetlefjorden og Fjærlandsfjorden,0.5,0.34,1001,447,1420,1110,1615,51,58,12008
172.5.0,Melkedal (Litlevatn),Vannføring,1,Innsjø,Konsesjonspålagt stasjon,I drift,14050.583333333334,1938-06-19T14:00:00Z,2023-12-31T14:00:00Z,Ikke angitt,Ikke angitt,90.43,24.58,4.26,5.77,0.12,38.57,13.11,34.67,0,0.7,31.4,25.22,Sørelva,2244.79,172,Forsåvassdraget/Efjorden,0.14000000000000001,0.23,1001,108,774,452,1426,53,53,16547
2.205.0,Mesna ndf.,Vannføring,1,Elv - naturlig profil,Konsesjonspålagt stasjon,I drift,10228.583333333334,1928-01-01T14:00:00Z,2023-12-31T14:00:00Z,Ikke angitt,Ikke angitt,217.92,13.29,22.31,4.6500000000000004,0.98,49.96,10.65,4.3899999999999997,0.16,0,11.45,31.6,Mesna/Vorma-Lågen/Glommavassdraget,1381.66,002,Glommavassdraget/Hvaler og Singlefjorden,1,0.63,1001,541,951,792,1090,514,510,666
62.17.0,Mestad,Vannføring,1,Elv - naturlig profil,"Privat, ikke pålagt",I drift,31255.583333333332,1985-06-10T14:00:00Z,2023-12-31T14:00:00Z,Ikke angitt,Ikke angitt,138.34,581.87,0.28000000000000003,0.83,0.66,15.87,6.13,73.069999999999993,0,0.25,656.73,0.24,Teigdalselvi/Vossovassdraget,2412.59,062,Vossovassdraget/Bolstadfjorden,0.6,0.15,1001,519,1221,1006,1426,63,65,10284
194.4.0,Mevatn,Vannføring,1,Elv - naturlig profil,Konsesjonspålagt stasjon,I drift,9347.5833333333339,1925-08-03T14:00:00Z,2023-12-31T14:00:00Z,Ikke angitt,Ikke angitt,180.43,4.91,13.9,2.33,1.1200000000000001,39.880000000000003,6.92,34.83,0,0.04,9.7799999999999994,32.299999999999997,Lakselva fra Trollbuvatnet,1375.44,194,Lakselva og Lyselvvassdraget/Senja øst,0,0,1001,47,616,281,884,8,17,16896
148.2.0,Mevatnet,Vannføring,1,Elv - naturlig profil,Forvaltningsstasjon,I drift,26813.583333333332,1973-05-29T14:00:00Z,2023-12-31T14:00:00Z,Ikke angitt,Ikke angitt,108.47,1.76,3.2,4.03,2.17,56.55,9.84,16.97,0,0,3.06,21.26,Sausvatn-vassdraget,1375,148,Lomsdalsvassdraget/Velfjorden og Vevelstadsundet,0,0,1001,63,454,190,781,14,15,15018
36.9.0,Middal,Vannføring,1,Elv - naturlig profil,Konsesjonspålagt stasjon,I drift,25164.583333333332,1968-11-22T14:00:00Z,2023-12-31T14:00:00Z,Ikke angitt,Ikke angitt,45.87,71.14,0.1,0.16,0,1.57,4.0199999999999996,91.68,0,2.17,72.650000000000006,9.2799999999999994,Middalselva/Suldalsvassdraget,3024.58,036,Suldalsvassdraget/Sandsfjorden sør og Hylsfjorden,0,0,1001,1130,1598,1437,1680,840,840,9094
104.22.0,Midtre Mardalsvatn,Vannføring,1,Innsjø,Konsesjonspålagt stasjon,I drift,27760.583333333332,1976-01-01T14:00:00Z,2023-12-31T14:00:00Z,Ikke angitt,Ikke angitt,13.68,52.25,0,3.95,0,0,11.07,82.46,0,6.51,49.21,6.58,Mardøla/Eira,1178.3900000000001,104,Eira/langfjorden,0,0,1001,920,1372,1184,1582,881,897,13223
2.267.0,Mistra bru,Vannføring,1,Elv - naturlig profil,Konsesjonspålagt stasjon,I drift,22594.583333333332,1961-11-09T14:00:00Z,2023-12-31T14:00:00Z,Ikke angitt,Ikke angitt,549.58000000000004,8.27,13.11,0.05,0.04,51.81,1.21,27.79,0,0,11.29,67.849999999999994,Mistra/Rena/Glommavassdraget,1035.69,002,Glommavassdraget/Hvaler og Singlefjorden,0,0,1001,684,1030,826,1752,317,319,823
139.20.0,Moen,Vannføring,1,Elv - naturlig profil,Konsesjonspålagt stasjon,I drift,27181.583333333332,1974-06-01T14:00:00Z,2023-12-31T14:00:00Z,Ikke angitt,Ikke angitt,64.06,28.9,7.43,0.02,0,32.479999999999997,1.74,56.3,0,0,37.380000000000003,17.579999999999998,Store bjørnhusdalelva/Namsen,4543.41,139,Namsen/Namsfjorden øst,0,0,1001,276,882,580,1099,201,200,14854
149.1.0,Møllehusfoss,Vannføring,1,Elv - naturlig profil,Konsesjonspålagt stasjon,I drift,30299.583333333332,1982-12-14T14:00:00Z,2023-12-31T14:00:00Z,Ikke angitt,Ikke angitt,95.12,36.86,0.82,0.71,0,12.43,7.13,75.87,0,0,42.19,18.7,Sæterelva/Lakselva,1413.35,149,"Visten, Halsfjorden og ytre Vefsnfjorden øst",0,0,1001,216,819,621,1225,14,14,15025
168.2.0,Mørsvik bru,Vannføring,1,Elv - naturlig profil,Konsesjonspålagt stasjon,I drift,31287.583333333332,1985-08-28T14:00:00Z,2023-12-31T14:00:00Z,Ikke angitt,Ikke angitt,31.23,36.450000000000003,4.74,4.3499999999999996,0,49.96,9.42,27.71,0,0,40.520000000000003,10.46,Marsvikelva,1242.6600000000001,168,Nordfolda,0,0,1001,164,832,384,1092,73,78,16450
24.8.0,Møska (Skolandsvatnet),Vannføring,1,Ikke angitt,Forvaltningsstasjon,I drift,34632.583333333336,1994-10-25T14:00:00Z,2023-12-31T14:00:00Z,Ikke angitt,Ikke angitt,121.41,15.09,3.1,1.71,1.01,77.06,9.31,8.2200000000000006,0,0,17.97,30.39,Møska/Lygna,1890.05,024,Lygna/kyst Lindesnes-Lista,0,0,1001,248,485,356,612,7,12,8190
307.5.0,Murusjø,Vannføring,1,Innsjø,Forvaltningsstasjon,I drift,9218.5833333333339,1925-03-27T14:00:00Z,2023-12-31T14:00:00Z,Ikke angitt,Ikke angitt,345.62,4.76,13.22,5.52,0.77,53.88,8.9499999999999993,16.11,0,0,7.39,45.98,Muruelva/Faxälven,2136.98,307,Ångermanelven,0.17,0,1001,338,853,565,1268,311,311,17955
22.16.0,Myglevatn ndf.,Vannføring,2,Ikke angitt,Konsesjonspålagt stasjon,I drift,Ikke angitt,1998-10-14T14:00:00Z,2023-12-31T14:00:00Z,Ikke angitt,Ikke angitt,182.2,6.04,12.09,1.7,0.41,63.59,6.07,10.91,0,0,10.98,37.520000000000003,Kosåna/Mandalselva,2187.8200000000002,022,Mandalselva/kyst Flekkerøy-Mandal by,0,0,1001,358,605,488,740,248,250,8048
76.10.0,Myklemyr,Vannføring,1,Elv - naturlig profil,Konsesjonspålagt stasjon,I drift,28635.583333333332,1978-05-25T14:00:00Z,2023-12-31T14:00:00Z,Ikke angitt,Ikke angitt,575.82000000000005,27.01,0.17,0.11,0.75,14.83,3.54,49.78,0,27.75,21.97,53.57,Jostedøla,757.98,076,Jostedøla/Lusterfjorden vest,0.26,0.39,1001,578,1730,1383,2084,79,88,11693
114.1.0,Myra,Vannføring,1,Elv - naturlig profil,Forvaltningsstasjon,I drift,32443.583333333332,1988-10-27T14:00:00Z,2023-12-31T14:00:00Z,Ikke angitt,Ikke angitt,16.46,26.34,13.48,0.01,1.78,39.4,0.56000000000000005,42.01,0,0,38,7.95,Storelva,1647.25,114,Tustna kommune og Ertvågøy,0,0,1001,50,645,232,895,29,29,13582
62.10.0,Myrkdalsvatn,Vannføring,2,Ikke angitt,"Privat, ikke pålagt",I drift,Ikke angitt,1970-11-11T14:00:00Z,2023-12-31T14:00:00Z,Ikke angitt,Ikke angitt,157.75,38.39,2.4700000000000002,1.1399999999999999,1.74,18.88,4.1900000000000004,69.86,0,0,36.159999999999997,28.09,Vossovassdraget,2406.7399999999998,062,Vossovassdraget/Bolstadfjorden,0,0,1001,520,1279,1024,1431,227,226,10266
2.11.0,Narsjø,Vannføring,1,Ikke angitt,Konsesjonspålagt stasjon,I drift,26227.583333333332,1971-10-21T14:00:00Z,2023-12-31T14:00:00Z,Ikke angitt,Ikke angitt,118.96,14.33,15.17,1.63,0.43,22.33,3.49,45.84,0,0,15.11,21.78,Nøra/Glommavassdraget,1410.89,002,Glommavassdraget/Hvaler og Singlefjorden,0,0,1001,783,1120,967,1592,738,737,149
111.10.0,Nauståa,Vannføring,1,Elv - naturlig profil,Forvaltningsstasjon,I drift,28571.583333333332,1978-03-22T14:00:00Z,2023-12-31T14:00:00Z,Ikke angitt,Ikke angitt,24.79,52.46,0.91,0.32,0,5.32,2.99,85.41,0,0,81.05,9.33,Toåa,1456.72,111,Kyst Tingvollfjorden-Surnadalsfjorden,0,0,1001,623,1236,969,1374,213,220,13460
2.168.0,Nedre Bjørnhølen,Vannføring,1,Innsjø,Konsesjonspålagt stasjon,I drift,15554.583333333334,1942-08-01T14:00:00Z,2023-12-31T14:00:00Z,Ikke angitt,Ikke angitt,469.48,2.67,4.7699999999999996,11.56,0,0.34,18.82,71.08,0,1.28,6.75,61.82,Vinstra/Vorma-Lågen/Glommavassdraget,1658.99,002,Glommavassdraget/Hvaler og Singlefjorden,0.99,0.76,1001,1067,1770,1392,2330,1019,1023,605
2.13.0,Nedre Sjodalsvatn,Vannføring,1,Ikke angitt,Forvaltningsstasjon,I drift,29752.583333333332,1981-06-15T14:00:00Z,2023-12-31T14:00:00Z,Ikke angitt,Ikke angitt,480.7,10.99,2.09,4.2300000000000004,0.03,6.31,9.74,72.180000000000007,0,6.89,11.17,50.23,Sjoa/Vorma-Lågen/Glommavassdraget,1228.55,002,Glommavassdraget/Hvaler og Singlefjorden,0,0,1001,1069,2005,1542,2363,940,940,158
244.2.0,Neiden,Vannføring,1,Ikke angitt,Konsesjonspålagt stasjon,I drift,28734.583333333332,1978-09-01T14:00:00Z,2023-12-31T14:00:00Z,Ikke angitt,Ikke angitt,2947.19,1.89,18.8,0.63,0.02,57.27,12.97,8.6300000000000008,0.1,0,2.63,137.51,Neidenvassdraget,1047.49,244,Neidenvassdraget/Munkfjorden,0.02,0.04,1001,137,319,231,444,26,25,17881
151.15.0,Nervoll,Vannføring,1,Elv - naturlig profil,Forvaltningsstasjon,I drift,25112.583333333332,1968-10-01T14:00:00Z,2023-12-31T14:00:00Z,Ikke angitt,Ikke angitt,653.36,8.34,7.59,0.16,0.68,25.25,2.99,53.62,0,1.4,9.43,70.17,Vefsna,1903.5,151,Vefsna/Vefsnfjorden sør,0,0,1001,612,1136,864,1691,344,345,15086
79.3.0,Nessedalselv,Vannføring,1,Elv - naturlig profil,Forvaltningsstasjon,I drift,30565.583333333332,1983-09-06T14:00:00Z,2023-12-31T14:00:00Z,Ikke angitt,Ikke angitt,30,99.02,4.08,1.33,0.44,31.82,4.17,58.65,0,0,112.21,6.77,Nesselvi,1722.7,079,Høyangervassdraget/kyst Dragsvik-Kyrkjebø,0,0,1001,452,1182,859,1351,281,290,12040
76.5.0,Nigardsbrevatn,Vannføring,2,Ikke angitt,Konsesjonspålagt stasjon,I drift,Ikke angitt,1998-06-05T14:00:00Z,2023-12-31T14:00:00Z,Ikke angitt,Ikke angitt,65.290000000000006,109.62,0,0.71,0,2.14,0.83,21.02,0,72.39,199.71,5.24,Breelvi/Jostedøla,332.81,076,Jostedøla/Lusterfjorden vest,0,0,1001,840,1774,1562,1946,285,285,11673
175.2.0,Niingen ndf.,Vannføring,1,Innsjø,Konsesjonspålagt stasjon,Nedlagt,21378.583333333332,1958-07-12T14:00:00Z,2023-12-31T14:00:00Z,Ikke angitt,Ikke angitt,52.76,52.37,0.36,6.9,0.19,17.350000000000001,12.97,62.93,0.06,5.15,52.47,14.26,elv fra Strandvatnet,1248.6199999999999,175,Ofotfjorden nord: Tangvik-Bogen-Selnes,0.51,0.44,1001,132,975,668,1294,2,5,16746
230.1.0,Nordmannset,Vannføring,1,Innsjø,Konsesjonspålagt stasjon,I drift,22474.583333333332,1961-07-12T14:00:00Z,2023-12-31T14:00:00Z,Ikke angitt,Ikke angitt,19.309999999999999,23.29,0.52,4.1100000000000003,0,11.11,14.99,71.73,0,0,25.67,11.22,Ytre Laksefjorden øst,2193.63,230,Ytre Laksefjorden øst,0,0,1001,129,323,279,370,72,72,17716
88.30.0,Nordre Oldevatn,Vannføring,1,Ikke angitt,Forvaltningsstasjon,I drift,31851.583333333332,1987-03-15T14:00:00Z,2023-12-31T14:00:00Z,Ikke angitt,Ikke angitt,201.67,18.72,0.01,3.37,1.65,19.18,4.41,36.04,0,35.71,59.1,22.44,Oldenvassdraget,861.88,088,Strynvassdraget/indre Nordfjord,0,0,1001,216,1764,1393,1951,33,33,12602
2.451.0,Nordre Osa,Vannføring,1,Elv - naturlig profil,Konsesjonspålagt stasjon,I drift,30345.583333333332,1983-01-29T14:00:00Z,2023-12-31T14:00:00Z,Ikke angitt,Ikke angitt,447.66,6.09,16.61,0.02,0.21,57.88,1.36,15.88,0,0,5.77,48.37,Osa/Rena/Glommavassdraget,1274.5,002,Glommavassdraget/Hvaler og Singlefjorden,0,0,1001,587,923,761,1202,456,450,1333
2.393.0,Norsfoss,Vannføring,1,Ikke angitt,Konsesjonspålagt stasjon,I drift,27395.583333333332,1975-01-01T14:00:00Z,2023-12-31T14:00:00Z,Ikke angitt,Ikke angitt,18933.560000000001,1.64,10.16,7.0000000000000007E-2,2.99,55.96,3.32,21.78,0.13,0,1.72,417.66,Glommavassdraget,1290.96,002,Glommavassdraget/Hvaler og Singlefjorden,0.93,0.09,1001,343,1178,841,2173,140,154,1165
311.6.0,Nybergsund,Vannføring,1,Ikke angitt,Forvaltningsstasjon,I drift,3170.5833333333335,1908-09-04T14:00:00Z,2023-12-31T14:00:00Z,Ikke angitt,Ikke angitt,4424.8500000000004,2.36,9.5,2.4900000000000002,0.81,44.81,10.18,26.35,0.05,0,2.42,207.68,Trysilelva,1056.7,311,Vanern-gøta elv's sidenedbørfelt klaraelven,0.02,0,1001,674,1076,831,1752,347,350,18003
2.112.0,Nye Stai,Vannføring,1,Ikke angitt,Konsesjonspålagt stasjon,I drift,36820.583333333336,2000-10-21T14:00:00Z,2023-12-31T14:00:00Z,Ikke angitt,Ikke angitt,8949.14,2.06,7.63,7.0000000000000007E-2,2.27,43.12,3.39,36.18,0.09,0,2.38,255.5,Glommavassdraget,1403.3,002,Glommavassdraget/Hvaler og Singlefjorden,0.75,0.09,1001,728,1333,966,2173,250,240,423
74.24.0,Nyset,Vannføring,1,Elv - naturlig profil,Konsesjonspålagt stasjon,I drift,33136.583333333336,1990-09-20T14:00:00Z,2023-12-31T14:00:00Z,Ikke angitt,Ikke angitt,29.02,24.45,0,2.16,0,0,9.36,90.01,0,0.63,45.51,11.78,Nysetelvi,1618.23,074,Årdalsvassdraget/Årdalsfjorden,0,0,1001,1248,1656,1418,1811,1074,1069,11211
2.434.0,Ofossen,Vannføring,1,Elv - naturlig profil,Konsesjonspålagt stasjon,I drift,28977.583333333332,1979-05-02T14:00:00Z,2023-12-31T14:00:00Z,Ikke angitt,Ikke angitt,1581.4,9.41,0.43,0.18,0.59,13.75,5.25,72.55,0.04,5.98,12.57,72.3,Otta/Vorma-Lågen/Glommavassdraget,1169.43,002,Glommavassdraget/Hvaler og Singlefjorden,0.61,0.17,1001,891,1708,1414,2085,388,389,1276
27.26.0,Ogna v/Hetland,Vannføring,1,Ikke angitt,Konsesjonspålagt stasjon,I drift,30117.583333333332,1982-06-15T14:00:00Z,2023-12-31T14:00:00Z,Ikke angitt,Ikke angitt,70.290000000000006,8.11,3.07,0.85,7.11,13.04,6.1,57.52,0.04,0,10.93,20.22,Ognaåni,1625.74,027,Bjerkreimvassdraget/kyst Sokndal-Ogna,0,0,1001,128,391,206,550,29,22,8607
208.2.0,Oksfjordvatn,Vannføring,1,Innsjø,Forvaltningsstasjon,I drift,20262.583333333332,1955-06-22T14:00:00Z,2023-12-31T14:00:00Z,Ikke angitt,Ikke angitt,265.83,23.93,1.03,2.16,0.35,21.86,4.75,66.28,0,0.42,22.96,35.72,Fiskelva,1242.27,208,Reisavassdraget/Reisafjorden,0,0,1001,159,1082,598,1340,7,5,17235
16.10.0,Omnesfoss,Vannføring,1,Ikke angitt,Konsesjonspålagt stasjon,I drift,23012.583333333332,1963-01-01T14:00:00Z,2023-12-31T14:00:00Z,Ikke angitt,Ikke angitt,807.87,21.52,7.44,0.24,1.46,61.87,6.48,17.22,0.02,0,24.63,54.2,Heddøla-hjartdøla/Skiensvassdraget,1662.43,016,Skiensvassdraget/Langesundsfjorden,0.45,0.32,1001,437,1201,909,1876,59,60,5873
11.6.0,Oppsal,Vannføring,1,Elv - kunstig profil,"Privat, ikke pålagt",I drift,29703.583333333332,1981-04-27T14:00:00Z,2023-12-31T14:00:00Z,Ikke angitt,Ikke angitt,223,25.44,3.63,0.45,4.04,85.25,5.75,0.04,7.0000000000000007E-2,0,24.31,23.74,Lierelva,1913.15,011,Lierelva/Drammensfjorden øst,0.46,0.17,1001,224,600,465,700,35,35,3877
12.9.0,Oppsjø bru,Vannføring,1,Elv - naturlig profil,Konsesjonspålagt stasjon,I drift,24654.583333333332,1967-07-01T14:00:00Z,2023-12-31T14:00:00Z,Ikke angitt,Ikke angitt,1716.24,16.420000000000002,3.89,0.93,0.88,18.84,10.220000000000001,62.45,0.2,1.47,15.5,54.57,Hallingdalsvassdraget/Drammensvassdraget,1708.68,012,Drammensvassdraget/Drammensfjorden vest,1,0.65,1001,950,1673,1300,1933,421,425,3902
2.61.0,Orva,Vannføring,1,Elv - naturlig profil,Forvaltningsstasjon,I drift,35034.583333333336,1995-12-01T14:00:00Z,2023-12-31T14:00:00Z,Ikke angitt,Ikke angitt,25.41,12.53,12.83,6.42,7.0000000000000007E-2,33.78,13.2,13.74,0,0,21.44,12.45,Orva/Glommavassdraget,1533.55,002,Glommavassdraget/Hvaler og Singlefjorden,0,0,1001,801,927,859,1026,700,700,298
35.9.0,Osali (Botnavatnet),Vannføring,1,Innsjø,Konsesjonspålagt stasjon,I drift,30040.583333333332,1982-03-30T14:00:00Z,2023-12-31T14:00:00Z,Ikke angitt,Ikke angitt,22.48,38.32,2.2799999999999998,6.53,0,10.44,12.89,74.39,0,0,44.22,11.24,Kvennåna/Ulla,2911.6,035,Ulla og Førreelva/Jøsenfjorden og Erfjorden,0,0,1001,726,1143,934,1345,650,644,9025
105.1.0,Osenelv v/Øren,Vannføring,2,Elv - naturlig profil,Forvaltningsstasjon,I drift,8526.5833333333339,1923-05-05T14:00:00Z,2023-12-31T14:00:00Z,Ikke angitt,Ikke angitt,137.59,9.74,15.6,4.71,3.59,57.77,8.26,9.57,0,0,20.46,23.12,Osenvassdraget,1566.46,105,Gusjåvassdraget/Moldefjorden og Fannefjorden,0,0,1001,85,506,264,795,4,10,13256
15.79.0,Ossjøen,Vannføring,2,Ikke angitt,Konsesjonspålagt stasjon,I drift,30195.583333333332,1997-10-13T14:00:00Z,2023-12-31T14:00:00Z,Ikke angitt,Ikke angitt,1178.0999999999999,4.2300000000000004,8.49,1.46,0,1.68,13.95,75.06,0,0,3.52,83.58,Numedalslågen,2175.48,015,Numedalslågen og Siljanvassdraget/kyst Sandefjord-Mølen,1,0.05,1001,1153,1349,1251,1537,953,950,5621
2.613.0,Ossjø ndf.,Vannføring,1,Ikke angitt,Konsesjonspålagt stasjon,I drift,29534.583333333332,1980-11-09T14:00:00Z,2023-12-31T14:00:00Z,Ikke angitt,Ikke angitt,1174.3499999999999,4.3099999999999996,16.93,3.73,0.88,66.37,4.82,7.06,0,0,4.03,74.87,Osa/Rena/Glommavassdraget,1312.26,002,Glommavassdraget/Hvaler og Singlefjorden,1,0.4,1001,491,876,654,1202,433,436,1543
151.13.0,Øvre Glugvatn,Vannføring,1,Innsjø,Konsesjonspålagt stasjon,I drift,24911.583333333332,1968-04-01T14:00:00Z,2023-12-31T14:00:00Z,Ikke angitt,Ikke angitt,60.65,13.13,15.43,4.7,0.04,41.32,8.09,29.58,0,0,15.87,17.260000000000002,Gluggvasselva/Vefsna,2577.23,151,Vefsna/Vefsnfjorden sør,0,0,1001,510,712,586,811,399,400,15076
2.36.0,Øvre Heimdalsvatn,Vannføring,1,Innsjø,Forvaltningsstasjon,I drift,34863.583333333336,1995-06-13T14:00:00Z,2023-12-31T14:00:00Z,Ikke angitt,Ikke angitt,24.94,37.299999999999997,4.1100000000000003,3.24,0,3.63,4.3,87.99,0,0,27.72,7.76,Hinøgla/Vinstra/Vorma-Lågen/Glommavassdraget,2125.0500000000002,002,Glommavassdraget/Hvaler og Singlefjorden,0,0,1001,1118,1611,1346,1843,1088,1088,251
64.5.0,Øvre Helland,Vannføring,1,Ikke angitt,Konsesjonspålagt stasjon,I drift,Ikke angitt,1986-04-04T14:00:00Z,2023-12-31T14:00:00Z,Ikke angitt,Ikke angitt,312.58,24.77,1.81,1.04,0.15,15.14,8.3000000000000007,73.8,0.02,0,32.29,32.450000000000003,Steinslandsvassdraget,2246.5500000000002,064,Steinslandsvassdraget/Osterfjorden nord,0.76,0.37,1001,600,1189,993,1331,114,115,10422
191.2.0,Øvrevatn,Vannføring,1,Ikke angitt,Forvaltningsstasjon,I drift,32021.583333333332,1987-09-01T14:00:00Z,2023-12-31T14:00:00Z,Ikke angitt,Ikke angitt,526.02,6.56,3.66,0.6,2.14,37.26,3.35,50.44,0.01,0.51,18.29,62.37,Salangselva,2429.5100000000002,191,Salangselva/Salangen,0,0,1001,161,1111,690,1509,4,8,16870
174.3.0,Øvstevatn (Litlevatnet),Vannføring,1,Innsjø,Konsesjonspålagt stasjon,I drift,8887.5833333333339,1924-04-30T14:00:00Z,2023-12-31T14:00:00Z,Ikke angitt,Ikke angitt,28.43,44.59,2.42,0.93,0.47,25.14,1.7,57.72,0,2.25,61.48,7.38,Håkvikelva,2417.54,174,Indre Ofotfjorden,0,0,1001,339,1186,770,1543,275,275,16670
98.4.0,Øye ndf.,Vannføring,1,Ikke angitt,Forvaltningsstasjon,I drift,33149.583333333336,1990-10-03T14:00:00Z,2023-12-31T14:00:00Z,Ikke angitt,Ikke angitt,138.78,43.31,0.44,0.26,2.39,18.22,4.32,65.16,0,3.12,63.48,20.16,Bygdaelva,1270.98,098,"Storfjorden sør, Sunnylvsfjorden og Geirangerfjorden",0,0,1001,456,1510,1045,1852,146,150,12907
138.1.0,Øyungen,Vannføring,1,Innsjø,Forvaltningsstasjon,I drift,6114.583333333333,1916-09-26T14:00:00Z,2023-12-31T14:00:00Z,Ikke angitt,Ikke angitt,239.41,9.43,18.72,1.44,0.2,39.68,6.41,26.62,0,0,10.75,28.27,Årgårdsvassdraget,2194.64,138,Årgårdsvassdraget og Bogna/Namsfjorden sør,0,0,1001,198,526,338,681,101,105,14759
234.18.0,Polmak nye,Vannføring,1,Ikke angitt,Forvaltningsstasjon,I drift,33573.583333333336,1991-12-01T14:00:00Z,2023-12-31T14:00:00Z,Ikke angitt,Ikke angitt,14161.4,1,11.57,0.03,0.21,52.61,4.78,19.559999999999999,0.08,0,1.61,310.75,Tana,910.73,234,Tana/Tanafjorden sør,0,0,1001,285,481,385,1065,10,20,17784
36.34.0,Prestvika,Vannføring,1,Elv - kunstig profil,Konsesjonspålagt stasjon,I drift,32690.583333333332,1989-07-01T14:00:00Z,2023-12-31T14:00:00Z,Ikke angitt,Ikke angitt,2.67,151.38999999999999,0,0,10.039999999999999,56.51,0.09,25.24,1.1200000000000001,0,215.2,1.51,Suldalsvassdraget,966.72,036,Suldalsvassdraget/Sandsfjorden sør og Hylsfjorden,0,0,1001,89,976,395,1102,63,66,9173
123.20.0,Rate,Vannføring,1,Ikke angitt,Konsesjonspålagt stasjon,I drift,822.58333333333337,1902-04-01T14:00:00Z,2023-12-31T14:00:00Z,Ikke angitt,Ikke angitt,3057.88,5.9,12.61,2.39,2.0699999999999998,36.07,7.78,35.090000000000003,0.21,0,7.09,165.77,Nidelvvassdraget,2061.96,123,Nidelvvassdraget/Strindfjorden,1,0.48,1001,341,1049,713,1789,9,13,14045
19.82.0,Rauåna,Vannføring,1,Elv - kunstig profil,Forvaltningsstasjon,I drift,26619.583333333332,1972-11-16T14:00:00Z,2023-12-31T14:00:00Z,Ikke angitt,Ikke angitt,8.91,25.66,2.2999999999999998,0,0.37,90.59,0.08,1.1499999999999999,0,0,29.22,7.01,Arendalsvassdraget,1295.8699999999999,019,Arendalsvassdraget/kyst Moland-Homborsund,0,0,1001,308,598,459,755,220,220,7186
103.40.0,Rauma v/Horgheim,Vannføring,1,Ikke angitt,Forvaltningsstasjon,I drift,26059.583333333332,1971-05-06T14:00:00Z,2023-12-31T14:00:00Z,Ikke angitt,Ikke angitt,1099.42,12.32,0.93,0.06,1.05,17.62,4.25,72.81,0.01,1.86,9.57,57.78,Rauma,1107.8599999999999,103,Rauma/Romsdalsfjorden,0.12,0.03,1001,743,1639,1301,2012,57,60,13057
103.3.0,Rauma v/Stuguflåten,Vannføring,2,Elv - naturlig profil,Forvaltningsstasjon,I drift,4495.583333333333,1971-05-08T14:00:00Z,2023-12-31T14:00:00Z,Ikke angitt,Ikke angitt,377.02,2.63,0.62,0.21,1.83,19.32,3.54,70.87,0.02,2.2999999999999998,4.08,22.31,Rauma,1160.3900000000001,103,Rauma/Romsdalsfjorden,0.02,0,1001,670,1736,1347,2012,519,515,13004
103.19.0,Rauma v/Venge,Vannføring,1,Ikke angitt,Konsesjonspålagt stasjon,I drift,26410.583333333332,1972-04-21T14:00:00Z,2023-12-31T14:00:00Z,Ikke angitt,Ikke angitt,1114.6600000000001,11.07,0.92,0.06,1.08,17.809999999999999,4.2300000000000004,72.47,0.01,1.9,9.5500000000000007,63.24,Rauma,1107.1400000000001,103,Rauma/Romsdalsfjorden,0.12,0.03,1001,817,1725,1622,2012,7,9,13037
171.7.0,Ravggajokka,Vannføring,1,Elv - naturlig profil,Forvaltningsstasjon,I drift,27997.583333333332,1976-08-25T14:00:00Z,2023-12-31T14:00:00Z,Ikke angitt,Ikke angitt,74.959999999999994,9.18,0.52,1.01,0,0.33,5.23,93.81,0,0,12.29,22.38,Draugelva/Hellemovassdraget,2129.96,171,Hellemovassdraget/Tysfjord kommune,0,0,1001,601,1021,831,1264,457,456,16502
26.29.0,Refsvatn,Vannføring,1,Innsjø,Forvaltningsstasjon,I drift,28509.583333333332,1978-01-19T14:00:00Z,2023-12-31T14:00:00Z,Ikke angitt,Ikke angitt,52.95,18.41,1.08,1.74,1.72,22.78,9.32,59.21,0,0,19.82,16.95,Litla-mydlandsåna/Sokno,1717.79,026,Sira og Sokna/kyst Hidra-Sokndal,0,0,1001,230,487,442,552,33,50,8409
48.5.0,Reinsnosvatn,Vannføring,1,Innsjø,Forvaltningsstasjon,I drift,6376.583333333333,1917-06-15T14:00:00Z,2023-12-31T14:00:00Z,Ikke angitt,Ikke angitt,120.5,85.5,0.77,3.34,0.1,7.9,9.9499999999999993,76.72,0,0.73,81.64,10.79,Austdølo/Opo,2776.46,048,Opo/Sørfjorden vest,0,0,1001,814,1468,1271,1631,593,597,9695
26.64.0,Rekedalselv,Vannføring,1,Elv - kunstig profil,Konsesjonspålagt stasjon,I drift,35370.583333333336,1996-11-01T14:00:00Z,2023-12-31T14:00:00Z,Ikke angitt,Ikke angitt,10.11,6.83,2.25,1.41,1.0900000000000001,38.17,6.97,47.29,0,0,16.87,5.27,Sira og Sokna/kyst Hidra-Sokndal,1633.6,026,Sira og Sokna/kyst Hidra-Sokndal,0,0,1001,164,288,227,312,103,110,8486
112.8.0,Rinna,Vannføring,1,Elv - naturlig profil,Konsesjonspålagt stasjon,I drift,25437.583333333332,1969-08-22T14:00:00Z,2023-12-31T14:00:00Z,Ikke angitt,Ikke angitt,87.83,23.21,15.13,0.56999999999999995,0,16.079999999999998,3.28,58.28,0,0.04,23.25,17.98,Rinda/Surna,1444.15,112,Surna/Surnadalsfjorden og Halsafjorden øst,0,0,1001,608,1200,840,1594,452,460,13489
99.17.0,Rødøla,Vannføring,1,Elv - kunstig profil,"Privat, ikke pålagt",I drift,29707.583333333332,1981-05-01T14:00:00Z,2023-12-31T14:00:00Z,Ikke angitt,Ikke angitt,49.82,50.31,0.69,3.59,0,10.74,14.42,70.599999999999994,0,1.6,53.48,20.329999999999998,Rødøla/Rødalselva/Tafjordvassdraget,1125.8800000000001,099,Tafjordvassdraget/Tafjorden og Norddalsfjorden sør,0.54,0.86,1001,777,1642,1413,1849,464,462,12955
119.4.0,Rovatn,Vannføring,1,Ikke angitt,Konsesjonspålagt stasjon,I drift,8462.5833333333339,1923-03-02T14:00:00Z,2023-12-31T14:00:00Z,Ikke angitt,Ikke angitt,236.68,11.01,14.51,4.74,3.04,37.67,8.5500000000000007,26.69,0.01,0,18.3,43.49,Søa,1975.12,119,Trondheimsleia øst: Stamnes-Agdenes fyr,0.49,0.19,1001,141,662,412,1036,12,12,13616
12.143.0,Ruud,Vannføring,1,Elv - naturlig profil,Konsesjonspålagt stasjon,I drift,19513.583333333332,1953-01-19T14:00:00Z,2023-12-31T14:00:00Z,Ikke angitt,Ikke angitt,776.59,17.84,2.95,1.57,0.3,9.44,11.8,73.56,0.01,0.95,18.149999999999999,54.05,Åni/Hallingdalsvassdraget/Drammensvassdraget,1753.27,012,Drammensvassdraget/Drammensfjorden vest,0.79,0.96,1001,1026,1765,1401,1929,597,615,4253
2.284.0,Sælatunga,Vannføring,1,Elv - naturlig profil,Konsesjonspålagt stasjon,I drift,20369.583333333332,1966-08-01T14:00:00Z,2023-12-31T14:00:00Z,Ikke angitt,Ikke angitt,457.52,19.82,2.2599999999999998,0.09,1.1599999999999999,10.77,2.02,81.790000000000006,0,0.1,22.95,39.479999999999997,Finna/Otta/Vorma-Lågen/Glommavassdraget,1166.6600000000001,002,Glommavassdraget/Hvaler og Singlefjorden,0,0,1001,930,1720,1397,1882,409,408,902
73.4.0,Sælthun,Vannføring,1,Elv - naturlig profil,Konsesjonspålagt stasjon,I drift,22389.583333333332,1961-04-18T14:00:00Z,2023-12-31T14:00:00Z,Ikke angitt,Ikke angitt,789.96,21.62,1.02,0.14000000000000001,0.35,11.21,7.01,77.91,0,0.05,21.69,60.12,Lærdalsvassdraget,1682.02,073,Lærdalsvassdraget/Lærdalsfjorden,0.39,0.31,1001,1002,1623,1380,1918,181,183,10809
8.6.0,Sæternbekken,Vannføring,1,Elv - kunstig profil,Forvaltningsstasjon,I drift,26238.583333333332,1971-11-01T14:00:00Z,2023-12-31T14:00:00Z,Ikke angitt,Ikke angitt,6.28,65.459999999999994,3.27,0,2.3199999999999998,93.17,0.16,0,0,0,60.54,4.8099999999999996,Øverlandselva/Sandvikselva,2495.0500000000002,008,Sandvikselva,0,0,1001,180,396,257,422,99,102,3746
212.48.0,Sagafoss,Vannføring,1,Ikke angitt,Konsesjonspålagt stasjon,I drift,32874.583333333336,1990-01-01T14:00:00Z,2023-12-31T14:00:00Z,Ikke angitt,Ikke angitt,234.24,12.76,5.69,0.16,1.49,26.84,5.44,50.46,0.14000000000000001,0,12.06,42.95,Tverrelva,1536.22,212,Altavassdraget/Altafjorden,0,0,1001,188,535,430,636,19,22,17433
307.14.0,Saksvatn,Vannføring,1,Innsjø,Konsesjonspålagt stasjon,I drift,21916.583333333332,1960-01-01T14:00:00Z,2023-12-31T14:00:00Z,Ikke angitt,Ikke angitt,64.03,17.23,17.649999999999999,2.7,0,18.07,5.35,38.64,0,0,23.82,15.79,Saksvasselva/Linvasselva/Faxälven,3754.06,307,Ångermanelven,0,0,1001,512,834,628,1007,464,465,17970
140.2.0,Salsvatn,Vannføring,1,Ikke angitt,Forvaltningsstasjon,I drift,31048.583333333332,1985-01-01T14:00:00Z,2023-12-31T14:00:00Z,Ikke angitt,Ikke angitt,431.9,4.49,3.44,10.63,0.1,29.16,14.15,42.47,0,0,6.26,48.73,Salsvatnvassdraget,3069.23,140,Salsvatnvassdraget/kyst Namsos-Foldfjorden,0,0,1001,7,580,306,763,-8,9,14955
246.9.0,Sametielv,Vannføring,1,Ikke angitt,Konsesjonspålagt stasjon,I drift,28734.583333333332,1978-09-01T14:00:00Z,2023-12-31T14:00:00Z,Ikke angitt,Ikke angitt,255.69,3.53,15.76,1.97,0,63.73,14.48,5.39,0,0,3.72,40.369999999999997,Sametielva/Pasvikelva,1785.83,246,Pasvikelva/Bøkfjorden,0,0,1001,82,207,147,294,42,40,17909
33.10.0,Sandvatn,Vannføring,1,Innsjø,Konsesjonspålagt stasjon,I drift,32106.583333333332,1987-11-25T14:00:00Z,2023-12-31T14:00:00Z,Ikke angitt,Ikke angitt,70.400000000000006,30.3,0.26,1.93,0,0,13.39,86.37,0,0,33.46,9.59,Gråfolåna/Årdalselva,3057.25,033,Årdalselva/Årdalsfjorden,0,0,1001,985,1209,1109,1262,852,852,8926
29.11.0,Sandvedparken,Vannføring,1,Elv - naturlig profil,"Privat, ikke pålagt",I drift,34762.583333333336,1995-03-04T14:00:00Z,2023-12-31T14:00:00Z,Ikke angitt,Ikke angitt,24.5,3.24,0.74,1.81,15.82,27.09,3.69,10.1,21.17,0,11.36,14,Storåna,654.72,029,Stavanger og Sandnes kommuner,0,0,1001,31,183,81,286,1,3,8739
48.1.0,Sandvenvatn,Vannføring,1,Innsjø,Forvaltningsstasjon,I drift,3232.5833333333335,1908-11-05T14:00:00Z,2023-12-31T14:00:00Z,Ikke angitt,Ikke angitt,470.22,40.24,1.1299999999999999,1.22,0.42,21.24,7.13,59.49,7.0000000000000007E-2,7.22,34.25,31.18,Opo,2407.42,048,Opo/Sørfjorden vest,0.3,0.01,1001,669,1470,1185,1645,84,88,9682
161.18.0,Selfors bru,Vannføring,1,Ikke angitt,Konsesjonspålagt stasjon,I drift,35947.583333333336,1998-06-01T14:00:00Z,2023-12-31T14:00:00Z,Ikke angitt,Ikke angitt,789.22,7.77,2.79,0.02,0.83,26.69,2.83,58.07,0.01,4.42,16.940000000000001,52.37,Beiarelva,1929.93,161,"Beiarelva, Morsdalsfjorden og Nordfjorden",0.13,0,1001,358,1130,748,1626,8,40,15958
6.71.0,Sinnerdammen,Vannføring,1,Elv - naturlig profil,Forvaltningsstasjon,I drift,37890.583333333336,2003-09-26T14:00:00Z,2023-12-31T14:00:00Z,Ikke angitt,Ikke angitt,7.63,25.46,2.76,2,0,92.89,4.3,0,0,0,17.95,5.24,Spålselva/Nordmarkvassdraget,1545.15,006,Nordmarkvassdraget/kyst Gjersjøelva-Bygdøy,0,0,1001,519,628,574,662,483,482,3560
12.99.0,Skålfoss,Vannføring,2,Ikke angitt,Konsesjonspålagt stasjon,I drift,7436.583333333333,1965-01-01T14:00:00Z,2023-12-31T14:00:00Z,Ikke angitt,Ikke angitt,5107.3999999999996,4.26,7.01,0.03,1.79,41.09,6.89,39.020000000000003,0.17,0.49,6.07,191.84,Hallingdalsvassdraget/Drammensvassdraget,1618.2,012,Drammensvassdraget/Drammensfjorden vest,1,0.41,1001,576,1575,1147,1933,106,118,4122
2.122.0,Skarnes,Vannføring,1,Ikke angitt,Konsesjonspålagt stasjon,I drift,Ikke angitt,NA,2023-12-31T14:00:00Z,Ikke angitt,Ikke angitt,20300.55,1.4,9.84,7.0000000000000007E-2,3.31,57.45,3.53,20.309999999999999,0.15,0,1.6,459.98,Glommavassdraget,1285.23,002,Glommavassdraget/Hvaler og Singlefjorden,0.95,0.09,1001,312,1177,784,2173,130,129,458
162.3.0,Skarsvatn,Vannføring,1,Ikke angitt,Forvaltningsstasjon,I drift,30960.583333333332,1984-10-05T14:00:00Z,2023-12-31T14:00:00Z,Ikke angitt,Ikke angitt,145.38999999999999,17.66,6.92,0.76,1.04,44.11,6.76,34.130000000000003,0,0,16.91,29.75,Lakselva,2649.94,162,Saltfjorden: Nordfjorden-Skjerstad,0,0,1001,298,649,539,831,159,162,16077
160.7.0,Skauvoll,Vannføring,1,Elv - naturlig profil,Forvaltningsstasjon,I drift,31724.583333333332,1986-11-09T14:00:00Z,2023-12-31T14:00:00Z,Ikke angitt,Ikke angitt,19.66,22.61,0.06,1.49,0,27.1,7.74,54.19,0,0,47.42,11.32,Skauvollelva,1773.78,160,"Fykanåga/Glomfjorden, Gåsværfjorden og Sørfjorden",0,0,1001,397,767,483,1063,229,232,15863
83.9.0,Skilbreivatn,Vannføring,1,Innsjø,"Privat, ikke pålagt",I drift,34199.583333333336,1993-08-18T14:00:00Z,2023-12-31T14:00:00Z,Ikke angitt,Ikke angitt,17.809999999999999,14.34,7.34,5.13,3.88,44.25,9.99,24.44,0,0,21.38,7.53,Åmotselva/Gaularvassdraget,1717.27,083,Gaularvassdraget/Dalsfjorden,0,0,1001,288,625,457,811,251,253,12166
165.11.0,Skivika,Vannføring,1,Elv - kunstig profil,Forvaltningsstasjon,I drift,35312.583333333336,1996-09-04T14:00:00Z,2023-12-31T14:00:00Z,Ikke angitt,Ikke angitt,1,0,2,0,0,55.36,0,0,26.12,0,0,0,Kyst Saltstraumen-Bodø-Tårnvikfjellet,-999,165,Kyst Saltstraumen-Bodø-Tårnvikfjellet,0,0,1001,27,154,95,205,0,5,16282
86.12.0,Skjerdalselv,Vannføring,1,Elv - naturlig profil,Forvaltningsstasjon,I drift,30234.583333333332,1982-10-10T14:00:00Z,2023-12-31T14:00:00Z,Ikke angitt,Ikke angitt,23.66,88.67,0.28999999999999998,1.1000000000000001,0,14.63,3.87,59.31,0,16.78,96.15,5.83,Storelva,1099.08,086,Gjengedalsvassdraget/Frøysjøen og ytre Nordfjord sør,0,0,1001,473,1335,1091,1466,294,293,12399
71.1.0,Skjerping,Vannføring,2,Ikke angitt,Konsesjonspålagt stasjon,I drift,3089.5833333333335,1968-06-10T14:00:00Z,2023-12-31T14:00:00Z,Ikke angitt,Ikke angitt,268.36,39.64,6,0.01,1.2,22.27,1.17,67.22,0,0.18,47.16,24.15,Nærøydalselvi,2266.8000000000002,071,Nærøyelvi/Fresvikbreen,0.4,0.01,1001,731,1345,1015,1604,52,60,10570
189.4.0,Skoddebergvatnet ndf.,Vannføring,1,Ikke angitt,Konsesjonspålagt stasjon,I drift,19035.583333333332,1952-02-11T14:00:00Z,2023-12-31T14:00:00Z,Ikke angitt,Ikke angitt,107.73,25.02,8.06,8.52,0.1,42.15,10.72,36.799999999999997,0,0.89,34.270000000000003,18.059999999999999,Skoddebergvassdraget,2121,189,Skoddebergvassdraget/Skånland kommune,1,0.43,1001,128,904,400,1283,26,27,16840
224.1.0,Skoganvarre,Vannføring,1,Innsjø,Konsesjonspålagt stasjon,I drift,7885.583333333333,1921-08-02T14:00:00Z,2023-12-31T14:00:00Z,Ikke angitt,Ikke angitt,940.73,6.04,6.59,0.98,0,41.94,6.53,40.47,0,0,9.2100000000000009,62.65,Lakselvvassdraget,1412.29,224,Lakselvvassdraget/indre Porsangen sør,0.55000000000000004,0.06,1001,263,601,367,1043,69,69,17658
196.21.0,Skogly,Vannføring,1,Elv - naturlig profil,Konsesjonspålagt stasjon,I drift,27273.583333333332,1974-09-01T14:00:00Z,2023-12-31T14:00:00Z,Ikke angitt,Ikke angitt,1186.58,11.11,5.54,0.15,0.04,16.579999999999998,3.49,71.17,0,0.3,15.91,50.53,Divielva/Målselvvassdraget,1464.83,196,Målselvvassdraget/Malangen,0.25,0.16,1001,513,1157,855,1710,119,120,16955
200.4.0,Skogsfjordvatn,Vannføring,1,Ikke angitt,Forvaltningsstasjon,I drift,32404.583333333332,1988-09-18T14:00:00Z,2023-12-31T14:00:00Z,Ikke angitt,Ikke angitt,136.01,28.11,1.63,10.09,0.46,22.37,15.02,48.76,0,0.08,21.53,20.02,Skogsfjordelva,1461.82,200,Ringvassøya,0,0,1001,18,616,286,1045,18,17,17091
97.5.0,Sleddalen,Vannføring,1,Elv - naturlig profil,Konsesjonspålagt stasjon,I drift,35781.583333333336,1997-12-17T14:00:00Z,2023-12-31T14:00:00Z,Ikke angitt,Ikke angitt,9.26,67.959999999999994,3.49,0,2.58,28.16,0.04,63.77,0,0,118.23,3.87,Sleddalselva/Vikelva,1770.12,097,"Storfjorden sør, Hjørundfjorden og Sykkylvsfjorden",0,0,1001,370,1142,777,1383,319,300,12879
62.14.0,Slondalsvatn,Vannføring,1,Innsjø,"Privat, ikke pålagt",I drift,30412.583333333332,1983-04-06T14:00:00Z,2023-12-31T14:00:00Z,Ikke angitt,Ikke angitt,41.86,42.88,1.04,2.78,0.03,2.72,10.27,82.63,0,0.97,49.47,14.27,Kvannjolo/Raundalselvi/Vossovassdraget,2489.81,062,Vossovassdraget/Bolstadfjorden,0,0,1001,999,1457,1255,1602,752,751,10275
177.4.0,Sneisvatn,Vannføring,1,Innsjø,Forvaltningsstasjon,I drift,6108.583333333333,1916-09-20T14:00:00Z,2023-12-31T14:00:00Z,Ikke angitt,Ikke angitt,29.25,21.44,2.4900000000000002,2.25,0,25.33,10.17,52.6,0,0,17.21,10.57,Sneiselva,1327.42,177,Østre Hinnøya,0,0,1001,105,680,339,968,15,18,16772
12.114.0,Sogna v/Gardhammarfossen,Vannføring,1,Elv - naturlig profil,Forvaltningsstasjon,I drift,13431.583333333334,1936-10-08T14:00:00Z,2023-12-31T14:00:00Z,Ikke angitt,Ikke angitt,492.33,16.38,3.01,0.28000000000000003,2.29,83.12,3.74,6.36,0.17,0,21.03,50.79,Sogna/Drammensvassdraget,1860,012,Drammensvassdraget/Drammensfjorden vest,0,0,1001,224,846,499,1224,127,130,4167
77.3.0,Sogndalsvatn,Vannføring,1,Innsjø,Konsesjonspålagt stasjon,I drift,22847.583333333332,1962-07-20T14:00:00Z,2023-12-31T14:00:00Z,Ikke angitt,Ikke angitt,110.93,28.29,1.52,2.31,1.21,21.11,4.28,59.75,0,4.05,61.94,16.399999999999999,Sogndalselvi,1284.95,077,Årøyvassdraget/kyst Kaupanger-Hella,0,0,1001,517,1470,1129,1602,381,395,11906
22.22.0,Søgne,Vannføring,1,Elv - naturlig profil,Forvaltningsstasjon,I drift,27012.583333333332,1973-12-14T14:00:00Z,2023-12-31T14:00:00Z,Ikke angitt,Ikke angitt,203.58,6.45,5.95,0.09,4.8099999999999996,80.86,4.1900000000000004,0.13,1.37,0,7.06,50.45,Søgneelva,1918.51,022,Mandalselva/kyst Flekkerøy-Mandal by,0,0,1001,118,340,239,485,0,10,8064
19.104.0,Songedalsåi,Vannføring,1,Elv - naturlig profil,Konsesjonspålagt stasjon,I drift,29587.583333333332,1981-01-01T14:00:00Z,2023-12-31T14:00:00Z,Ikke angitt,Ikke angitt,65.63,18.510000000000002,10.43,1.23,0.31,74.38,3.98,9.0500000000000007,0,0,14.65,15.7,Songedalsåi/Fyresdalsåna/Arendalsvassdraget,2003.41,019,Arendalsvassdraget/kyst Moland-Homborsund,0,0,1001,659,934,802,1175,554,554,7228
16.155.0,Sønnlandsvatn,Vannføring,1,Innsjø,"Privat, ikke pålagt",I drift,31743.583333333332,1986-11-27T14:00:00Z,2023-12-31T14:00:00Z,Ikke angitt,Ikke angitt,374.25,22.42,8.99,0.78,0.54,50.08,8.69,24.41,0,0,21.6,29.91,Skogsåi/Heddøla-hjartdøla/Skiensvassdraget,1660.17,016,Skiensvassdraget/Langesundsfjorden,0.7,0.33,1001,673,1219,993,1876,397,404,6200
150.1.0,Sørra,Vannføring,1,Elv - naturlig profil,Forvaltningsstasjon,I drift,19221.583333333332,1952-08-15T14:00:00Z,2023-12-31T14:00:00Z,Ikke angitt,Ikke angitt,6.58,11.76,12.02,0,34.76,43.64,0.43,0,0,0,11.66,3.17,Alsten og Tjøtta,1860.06,150,Alsten og Tjøtta,0,0,1001,51,124,78,169,33,40,15033
111.9.0,Søya v/Melhus,Vannføring,1,Elv - naturlig profil,Konsesjonspålagt stasjon,I drift,27382.583333333332,1974-12-19T14:00:00Z,2023-12-31T14:00:00Z,Ikke angitt,Ikke angitt,137.43,28.21,6.08,0.02,3.18,35.729999999999997,1.41,37.1,0,0,40.83,24.2,Søya,2142.85,111,Kyst Tingvollfjorden-Surnadalsfjorden,0,0,1001,175,970,605,1422,27,40,13456
19.80.0,Stigvassåi,Vannføring,1,Elv - kunstig profil,Konsesjonspålagt stasjon,I drift,26317.583333333332,1972-01-01T14:00:00Z,2023-12-31T14:00:00Z,Ikke angitt,Ikke angitt,14.49,12.64,4.51,0.22,2.08,90.08,2.08,0,0,0,31.66,7.17,Stigvasselva/Arendalsvassdraget,1212.93,019,Arendalsvassdraget/kyst Moland-Homborsund,0,0,1001,195,375,280,420,144,145,7181
128.5.0,Støafoss,Vannføring,1,Elv - naturlig profil,Konsesjonspålagt stasjon,I drift,11689.583333333334,1932-01-01T14:00:00Z,2023-12-31T14:00:00Z,Ikke angitt,Ikke angitt,477.08,4.82,19.37,0.31,2.0699999999999998,54.57,5.38,15.23,0,0,6.69,54.73,Ogna/Snåsavassdraget,-999,128,Snåsavassdraget/Beitstadfjorden øst,0,0,1001,200,609,382,807,75,78,14605
41.1.0,Stordalsvatn,Vannføring,1,Innsjø,Forvaltningsstasjon,I drift,4612.583333333333,1912-08-16T14:00:00Z,2023-12-31T14:00:00Z,Ikke angitt,Ikke angitt,130.72999999999999,33.4,1.23,6.71,3.07,25.29,10.92,56.11,0,0,35.57,30.62,Etnevassdraget,2684.02,041,Etnevassdraget/Ålfjorden og Etnefjorden,0,0,1001,96,1072,725,1292,49,51,9430
12.215.0,Storeskar,Vannføring,1,Kum,Konsesjonspålagt stasjon,I drift,32051.583333333332,1987-08-07T14:00:00Z,2023-12-31T14:00:00Z,Ikke angitt,Ikke angitt,119.67,26.36,4.1900000000000004,0.35,0.24,8.84,4.03,79.23,0,0,27.5,24.69,Hemsil/Hallingdalsvassdraget/Drammensvassdraget,1764.02,012,Drammensvassdraget/Drammensfjorden vest,0,0,1001,1037,1622,1420,1814,889,895,4439
19.96.0,Storgama ovf.,Vannføring,1,Elv - kunstig profil,Forvaltningsstasjon,I drift,27214.583333333332,1974-07-04T14:00:00Z,2023-12-31T14:00:00Z,Ikke angitt,Ikke angitt,0.57999999999999996,33.4,6.69,6.17,0,28.97,11.79,52.69,0,0,25.05,0.76,Heimdøl/Arendalsvassdraget,2065.46,019,Arendalsvassdraget/kyst Moland-Homborsund,0,0,1001,598,666,618,689,587,570,7212
2.611.0,Storsjøen ndf. Øra,Vannføring,1,Ikke angitt,Konsesjonspålagt stasjon,I drift,25934.583333333332,1971-01-01T14:00:00Z,2023-12-31T14:00:00Z,Ikke angitt,Ikke angitt,2337.2800000000002,2.89,8.41,2.1,1.35,60.77,3.59,22.47,0.03,0,3.58,122.19,Rena/Glommavassdraget,1069.79,002,Glommavassdraget/Hvaler og Singlefjorden,0.98,0.17,1001,463,1066,848,1743,247,257,1535
2.633.0,Stortorp,Vannføring,1,Ikke angitt,Konsesjonspålagt stasjon,I drift,33298.583333333336,1991-03-01T14:00:00Z,2023-12-31T14:00:00Z,Ikke angitt,Ikke angitt,87.19,5.1100000000000003,5.29,0.42,4.03,86.33,3.79,0,7.0000000000000007E-2,0,6.41,16.7,Rakkestadelva/Glommavassdraget,1678.24,002,Glommavassdraget/Hvaler og Singlefjorden,0,0,1001,143,266,209,324,112,110,1603
168.1.0,Storvatn,Vannføring,1,Innsjø,Forvaltningsstasjon,I drift,6089.583333333333,1916-09-01T14:00:00Z,2023-12-31T14:00:00Z,Ikke angitt,Ikke angitt,71.3,12.1,1.07,9.4600000000000009,0,24.22,13.06,55.79,0,0.38,24.36,13.67,NA,2291.75,168,Nordfolda,0,0,1001,84,854,505,1174,56,56,16444
153.1.0,Storvatn,Vannføring,1,Kum,Forvaltningsstasjon,I drift,6164.583333333333,1916-11-15T14:00:00Z,2023-12-31T14:00:00Z,Ikke angitt,Ikke angitt,48,47.55,0.64,8.0500000000000007,0.3,10.94,12.74,63.53,0,0,57.7,14.61,Leirelva,1434.12,153,Leirfjord kommune,0.28999999999999998,0,1001,87,830,559,984,50,51,15208
177.3.0,Storvatn ndf.,Vannføring,1,Elv - naturlig profil,Konsesjonspålagt stasjon,I drift,8402.5833333333339,1923-01-01T14:00:00Z,2023-12-31T14:00:00Z,Ikke angitt,Ikke angitt,51.81,31.53,12.49,12.94,0.64,29.89,15.15,37.130000000000003,0,0,32.28,12.86,Dalelva,1650.62,177,Østre Hinnøya,1,0.65,1001,134,667,303,1080,129,136,16767
85.4.0,Straumstad (Solheimsvatnet),Vannføring,1,Innsjø,"Privat, ikke pålagt",I drift,27250.583333333332,1974-08-09T14:00:00Z,2023-12-31T14:00:00Z,Ikke angitt,Ikke angitt,109.68,47.46,1.01,2.41,1.28,26.37,6.39,51.66,0,3.7,48.37,19.41,Solheimsvassdraget,-999,085,Oselvvassdraget/Flora kommune,0,0,1001,180,1029,620,1384,0,13,12348
12.15.0,Strømstøa,Vannføring,2,Ikke angitt,Konsesjonspålagt stasjon,I drift,Ikke angitt,1968-01-01T14:00:00Z,2023-12-31T14:00:00Z,Ikke angitt,Ikke angitt,4649.8,2.06,9.0500000000000007,1.19,2.72,52.58,7.43,21.83,0.08,0,6.38,203.45,Drammensvassdraget,1484.19,012,Drammensvassdraget/Drammensfjorden vest,0.99,0.32,1001,533,1453,970,1901,145,159,3923
88.11.0,Strynsvatn,Vannføring,1,Ikke angitt,Forvaltningsstasjon,I drift,29834.583333333332,1981-09-05T14:00:00Z,2023-12-31T14:00:00Z,Ikke angitt,Ikke angitt,482.04,31.3,0.17,4.7699999999999996,1.37,17.09,6.38,55.92,0.01,14.44,32.53,45.24,Strynevassdraget,1218.21,088,Strynvassdraget/indre Nordfjord,0,0,1001,242,1687,1226,1936,27,29,12550
73.2.0,Stuvane,Vannføring,2,Elv - naturlig profil,Konsesjonspålagt stasjon,I drift,31854.583333333332,1987-03-18T14:00:00Z,2023-12-31T14:00:00Z,Ikke angitt,Ikke angitt,994.19,21.66,0.85,0.1,0.46,11.76,7.28,77.260000000000005,0.01,0.04,21.47,66,Lærdalsvassdraget,1573.9,073,Lærdalsvassdraget/Lærdalsfjorden,0.47,0.28000000000000003,1001,1029,1625,1421,1917,67,70,10805
73.27.0,Sula,Vannføring,1,Elv - kunstig profil,Forvaltningsstasjon,I drift,24659.583333333332,1967-07-06T14:00:00Z,2023-12-31T14:00:00Z,Ikke angitt,Ikke angitt,30.32,22.68,1.1399999999999999,3.78,0,0.16,9.52,89.2,0,0,35.11,13.81,Lærdalsvassdraget,-999,073,Lærdalsvassdraget/Lærdalsfjorden,0,0,1001,1243,1556,1364,1809,1001,973,10871
12.192.0,Sundbyfoss,Vannføring,1,Elv - naturlig profil,Forvaltningsstasjon,I drift,27872.583333333332,1976-04-22T14:00:00Z,2023-12-31T14:00:00Z,Ikke angitt,Ikke angitt,74.77,27.74,0.67,0.42,12.66,83.74,1.27,0,0.81,0,29.44,16.34,Lianelva/Vestfosselva/Drammensvassdraget,1718.69,012,Drammensvassdraget/Drammensfjorden vest,0,0,1001,96,485,235,633,51,50,4374
112.27.0,Surna v/Skjermo,Vannføring,1,Elv - naturlig profil,Konsesjonspålagt stasjon,I drift,31776.583333333332,1986-12-30T14:00:00Z,2023-12-31T14:00:00Z,Ikke angitt,Ikke angitt,924.72,5.73,11.07,0.66,3.32,30.86,4.6399999999999997,39.770000000000003,0.06,0.12,10.55,46.27,Surna,1594.43,112,Surna/Surnadalsfjorden og Halsafjorden øst,0.59,0.28999999999999998,1001,333,1222,666,1669,22,21,13523
62.18.0,Svartavatn,Vannføring,1,Innsjø,"Privat, ikke pålagt",I drift,31962.583333333332,1987-07-04T14:00:00Z,2023-12-31T14:00:00Z,Ikke angitt,Ikke angitt,72.41,32.5,0.47,0.34,0.56000000000000005,30.77,3.93,59.45,0,0,34,21.83,Tysseelvi,2596.63,062,Vossovassdraget/Bolstadfjorden,0,0,1001,424,1010,780,1101,208,219,10289
85.3.0,Svartebotten,Vannføring,1,Elv - kunstig profil,Konsesjonspålagt stasjon,I drift,29587.583333333332,1981-01-01T14:00:00Z,2023-12-31T14:00:00Z,Ikke angitt,Ikke angitt,4.63,Ikke angitt,0,2.64,0,0,5.63,94.41,0,0,Ikke angitt,Ikke angitt,Norddalselva,-999,085,Oselvvassdraget/Flora kommune,0,0,1001,649,1122,877,1201,531,480,12344
2.464.0,Svartelva,Vannføring,1,Elv - naturlig profil,"Privat, ikke pålagt",I drift,31505.583333333332,1986-04-03T14:00:00Z,2023-12-31T14:00:00Z,Ikke angitt,Ikke angitt,458.04,9.3000000000000007,6.72,0.19,20.51,67.52,1.48,0,1.06,0,9.3800000000000008,47.74,Svartelvvassdraget/Vorma-Lågen/Glommavassdraget,1222.77,002,Glommavassdraget/Hvaler og Singlefjorden,0,0,1001,195,568,314,760,132,131,1384
208.3.0,Svartfossberget,Vannføring,1,Elv - naturlig profil,Forvaltningsstasjon,I drift,29782.583333333332,1981-07-15T14:00:00Z,2023-12-31T14:00:00Z,Ikke angitt,Ikke angitt,1932.29,5.61,4.55,0.04,0.04,15.45,3.27,71.88,0,0,4.7699999999999996,84.33,Reisavassdraget,1216.5899999999999,208,Reisavassdraget/Reisafjorden,0.02,0,1001,528,902,704,1360,83,88,17238
12.167.0,Svenkerud,Vannføring,1,Elv - naturlig profil,"Privat, ikke pålagt",I drift,24838.583333333332,1968-01-01T14:00:00Z,2023-12-31T14:00:00Z,Ikke angitt,Ikke angitt,3488.22,11.83,6.48,0.25,1.78,28.32,7.41,51.55,0.18,0.72,12.37,88.85,Hallingdalsvassdraget/Drammensvassdraget,1616.5,012,Drammensvassdraget/Drammensfjorden vest,0.87,0.5,1001,825,1623,1259,1933,178,183,4315
121.22.0,Syrstad,Vannføring,1,Ikke angitt,Konsesjonspålagt stasjon,I drift,26576.583333333332,1972-10-04T14:00:00Z,2023-12-31T14:00:00Z,Ikke angitt,Ikke angitt,2278.34,7.69,16.71,0.05,2.61,32.409999999999997,2.86,39.72,0.03,0,8.14,137.81,Orkla,1562.63,121,Orkla/Orkdalsfjorden,0.65,0.28000000000000003,1001,557,1160,899,1641,137,150,13683
16.75.0,Tannsvatn (Lognvikvatnet),Vannføring,1,Elv - naturlig profil,Konsesjonspålagt stasjon,I drift,20166.583333333332,1955-04-16T14:00:00Z,2023-12-31T14:00:00Z,Ikke angitt,Ikke angitt,118.02,22.51,19.5,-999,1.6,52.06,7.12,15.1,0.15,0,19.809999999999999,12.32,Tansåi/Vest-vassdraget/Skiensvassdraget,2115.7600000000002,016,Skiensvassdraget/Langesundsfjorden,0,0,1001,760,1111,936,1292,696,697,6025
174.11.0,Taraldsvikelv,Vannføring,1,Elv - kunstig profil,Forvaltningsstasjon,I drift,26360.583333333332,1972-03-02T14:00:00Z,2023-12-31T14:00:00Z,Ikke angitt,Ikke angitt,2.84,236.94,0.23,0,0,14.71,0.21,83.84,0,0,262.83999999999997,2.29,Taraldsvikelva,1621.12,174,Indre Ofotfjorden,0.21,0,1001,475,1054,764,1270,292,292,16687
189.3.0,Tennevikvatn,Vannføring,1,Elv - naturlig profil,Forvaltningsstasjon,I drift,28559.583333333332,1978-03-10T14:00:00Z,2023-12-31T14:00:00Z,Ikke angitt,Ikke angitt,85.41,18.350000000000001,4.1500000000000004,3.28,0.41,39.47,8.73,43.29,0,0.04,25.96,23.54,Tennevikelva,1623.93,189,Skoddebergvassdraget/Skånland kommune,0,0,1001,150,772,367,1303,37,40,16835
24.9.0,Tingvatn (Lygne),Vannføring,1,Ikke angitt,Forvaltningsstasjon,I drift,34621.583333333336,1994-10-14T14:00:00Z,2023-12-31T14:00:00Z,Ikke angitt,Ikke angitt,272.16000000000003,12.18,6.32,3.12,1.24,40.97,9.75,35.33,0.05,0,14.82,43.12,Lygna,1991.98,024,Lygna/kyst Lindesnes-Lista,0,0,1001,388,833,640,963,183,185,8194
18.11.0,Tjellingtjernbekk,Vannføring,1,Kum,Forvaltningsstasjon,I drift,29839.583333333332,1981-09-10T14:00:00Z,2023-12-31T14:00:00Z,Ikke angitt,Ikke angitt,1.95,74.400000000000006,4.72,1.51,0,68.08,1.99,10.48,0,0,72.78,1.65,Gjerstadvassdraget,848.76,018,Vegårsvassdraget og Gjerstadvassdraget/kyst Kragerø-Tromøya,0,0,1001,279,466,397,501,222,223,7030
111.5.0,Toåa v/Talgøyfoss,Vannføring,2,Ikke angitt,Konsesjonspålagt stasjon,I drift,13516.583333333334,1944-01-01T14:00:00Z,2023-12-31T14:00:00Z,Ikke angitt,Ikke angitt,150.38999999999999,31.36,0.87,0.51,0.23,11.95,5.18,79.75,0,0,38.39,25.34,Toåa,1839.8,111,Kyst Tingvollfjorden-Surnadalsfjorden,0.28999999999999998,0,1001,538,1248,973,1623,88,80,13446
161.7.0,Tollåga,Vannføring,1,Elv - naturlig profil,Konsesjonspålagt stasjon,I drift,26543.583333333332,1972-09-01T14:00:00Z,2023-12-31T14:00:00Z,Ikke angitt,Ikke angitt,225.68,14.9,4.33,0.02,0.09,12.51,3.72,70.2,0,0,13.98,45.63,Tollåga/Beiarelva,2370.81,161,"Beiarelva, Morsdalsfjorden og Nordfjorden",0,0,1001,573,1080,842,1407,369,370,15926
2.291.0,Tora,Vannføring,1,Elv - naturlig profil,Konsesjonspålagt stasjon,I drift,24406.583333333332,1966-10-26T14:00:00Z,2023-12-31T14:00:00Z,Ikke angitt,Ikke angitt,262.07,27.24,0,0.45,0,7.0000000000000007E-2,6.57,87.66,0,5.33,29.31,28.38,Tora/Otta/Vorma-Lågen/Glommavassdraget,-999,002,Glommavassdraget/Hvaler og Singlefjorden,0.02,0,1001,1253,1753,1515,2007,705,700,924
139.35.0,Trangen,Vannføring,1,Ikke angitt,Forvaltningsstasjon,I drift,28826.583333333332,1978-12-02T14:00:00Z,2023-12-31T14:00:00Z,Ikke angitt,Ikke angitt,852.25,5.98,13.91,2.0699999999999998,0.46,43.71,9.89,27.65,0.01,0,9.2200000000000006,92.76,Sanddøla/Namsen,4896.28,139,Namsen/Namsfjorden øst,0,0,1001,422,826,600,1383,127,137,14908
20.11.0,Tveitdalen,Vannføring,1,Elv - kunstig profil,Forvaltningsstasjon,I drift,26492.583333333332,1972-07-12T14:00:00Z,2023-12-31T14:00:00Z,Ikke angitt,Ikke angitt,Ikke angitt,Ikke angitt,Ikke angitt,Ikke angitt,Ikke angitt,Ikke angitt,Ikke angitt,Ikke angitt,Ikke angitt,Ikke angitt,Ikke angitt,Ikke angitt,Tovdalsvassdraget,Ikke angitt,020,Tovdalsvassdraget/Lillesand kommune,0,0,1001,Ikke angitt,Ikke angitt,Ikke angitt,Ikke angitt,Ikke angitt,190,7544
39.1.0,Tysvær,Vannføring,1,Elv - kunstig profil,Forvaltningsstasjon,I drift,27367.583333333332,1974-12-04T14:00:00Z,2023-12-31T14:00:00Z,Ikke angitt,Ikke angitt,3.34,4.7699999999999996,15.17,15.72,0.16,6.65,18.2,0,0,0,6.61,3.63,Kyst Nedstrand-Haugesund-Tittelsnes,2001.46,039,Kyst Nedstrand-Haugesund-Tittelsnes,0,0,1001,25,47,35,65,10,10,9417
80.4.0,Ullebøelv,Vannføring,1,Elv - naturlig profil,Konsesjonspålagt stasjon,I drift,10249.583333333334,1927-05-12T14:00:00Z,2023-12-31T14:00:00Z,Ikke angitt,Ikke angitt,8.31,59.66,2.66,1.21,0,19.11,3.55,69.31,0,0,70.14,5.88,elv i Ullebødalen/Dyrneslielva,-999,080,ytre Sognefjorden nord: Kyrkjebø-Risnes,0,0,1001,529,818,674,883,329,330,12087
103.1.0,Ulvåa v/Storhølen,Vannføring,2,Kum,Forvaltningsstasjon,I drift,26060.583333333332,1971-05-07T14:00:00Z,2023-12-31T14:00:00Z,Ikke angitt,Ikke angitt,435.51,14.54,0.9,0.17,0.2,10.88,4.1900000000000004,80.59,0,2.5,21.26,31.46,Ulvåa/Rauma,980.83,103,Rauma/Romsdalsfjorden,0.04,0,1001,955,1661,1372,1995,495,498,12995
2.265.0,Unsetåa,Vannføring,1,Elv - naturlig profil,Konsesjonspålagt stasjon,I drift,22595.583333333332,1961-11-10T14:00:00Z,2023-12-31T14:00:00Z,Ikke angitt,Ikke angitt,620.09,4.99,7.55,0.09,1.1599999999999999,42.84,1.2,44.92,0,0,8.19,45.93,Rena/Glommavassdraget,1034.3599999999999,002,Glommavassdraget/Hvaler og Singlefjorden,0,0,1001,614,1136,959,1436,315,340,816
12.209.0,Urula,Vannføring,1,Elv - naturlig profil,Konsesjonspålagt stasjon,I drift,30741.583333333332,1984-02-29T14:00:00Z,2023-12-31T14:00:00Z,Ikke angitt,Ikke angitt,554.12,11.77,6.28,0.45,0.95,67.75,5.04,18.579999999999998,0,0,13.49,49.61,Urula/Drammensvassdraget,1753.53,012,Drammensvassdraget/Drammensfjorden vest,0,0,1001,560,1099,916,1283,220,220,4428
74.15.0,Utla,Vannføring,1,Elv - naturlig profil,Konsesjonspålagt stasjon,I drift,26052.583333333332,1971-04-29T14:00:00Z,2023-12-31T14:00:00Z,Ikke angitt,Ikke angitt,439.54,37.36,0.4,0.03,0.02,12.18,2.1800000000000002,78.760000000000005,0.06,5.0599999999999996,37.86,40.86,Årdalsvassdraget,1320.32,074,Årdalsvassdraget/Årdalsfjorden,0.23,0,1001,923,1855,1435,2396,40,50,11187
2.416.0,Vågåvatn,Vannføring,1,Innsjø,Forvaltningsstasjon,I drift,28491.583333333332,1978-01-01T14:00:00Z,2023-12-31T14:00:00Z,Ikke angitt,Ikke angitt,3409.8,6.1,0.8,0.45,1.34,15.41,4.8499999999999996,69.38,0.04,6.07,7.96,117.33,Otta/Vorma-Lågen/Glommavassdraget,1164.4100000000001,002,Glommavassdraget/Hvaler og Singlefjorden,0.42,0.16,1001,836,1840,1414,2464,362,360,1232
16.139.0,Vågslidvatn,Vannføring,1,Elv - kunstig profil,"Privat, ikke pålagt",I drift,30237.583333333332,1982-10-13T14:00:00Z,2023-12-31T14:00:00Z,Ikke angitt,Ikke angitt,Ikke angitt,Ikke angitt,Ikke angitt,Ikke angitt,Ikke angitt,Ikke angitt,Ikke angitt,Ikke angitt,Ikke angitt,Ikke angitt,Ikke angitt,Ikke angitt,Vinjeåi/Vest-vassdraget/Skiensvassdraget,Ikke angitt,016,Skiensvassdraget/Langesundsfjorden,Ikke angitt,Ikke angitt,1001,Ikke angitt,Ikke angitt,Ikke angitt,Ikke angitt,Ikke angitt,799,6168
2.607.0,Vålåsjø,Vannføring,1,Ikke angitt,"Privat, ikke pålagt",I drift,29151.583333333332,1979-10-23T14:00:00Z,2023-12-31T14:00:00Z,Ikke angitt,Ikke angitt,125.42,24.37,9.27,1.08,0.38,18.7,1.92,55.93,0,0,26.99,24.56,Folla/Glommavassdraget,1409.24,002,Glommavassdraget/Hvaler og Singlefjorden,0,0,1001,956,1500,1154,1709,936,936,1525
117.4.0,Valen (Laksvatnet),Vannføring,1,Ikke angitt,Forvaltningsstasjon,I drift,29587.583333333332,1981-01-01T14:00:00Z,2023-12-31T14:00:00Z,Ikke angitt,Ikke angitt,39.28,5.7,28.95,4.75,0.41,36.869999999999997,10.69,1.73,0,0,9.61,15.2,Lakselva,1981.83,117,Hitra kommune,0,0,1001,59,149,96,296,4,10,13601
100.1.0,Valldøla v/Alstad,Vannføring,1,Elv - naturlig profil,Konsesjonspålagt stasjon,I drift,30682.583333333332,1984-01-01T14:00:00Z,2023-12-31T14:00:00Z,Ikke angitt,Ikke angitt,226.31,26.79,0.46,0.18,0.28000000000000003,10.57,5.6,78.59,0,2.84,22.4,29.06,Valldøla,1162.6300000000001,100,Valldøla/Norddalsfjorden nord og Storfjorden øst,0.08,0,1001,740,1490,1184,1756,265,265,12973
95.4.0,Vatnevatnet,Vannføring,1,Elv - naturlig profil,Konsesjonspålagt stasjon,I drift,36479.583333333336,1999-11-15T14:00:00Z,2023-12-31T14:00:00Z,Ikke angitt,Ikke angitt,38.909999999999997,44.76,2.4,6.73,5.62,50.85,11.39,27.81,0,0,66.819999999999993,12.12,Ørstavassdraget,874.26,095,Ørstavassdraget/Ørstafjorden og Vartdalsfjorden sør,0.6,0.15,1001,145,921,461,1404,86,80,12850
234.13.0,"Veahkkava, Iesjokka",Vannføring,1,Ikke angitt,Forvaltningsstasjon,I drift,32793.583333333336,1989-10-12T14:00:00Z,2023-12-31T14:00:00Z,Ikke angitt,Ikke angitt,2078.98,2.0499999999999998,10.73,0.86,0.01,31.24,10.91,37.76,0,0,3.49,119.25,Iesjåkka/Karasjåkka/Tana,1191.4000000000001,234,Tana/Tanafjorden sør,0,0,1001,366,500,435,1015,182,179,17760
31.10.0,Venekvev,Vannføring,1,Elv - kunstig profil,Konsesjonspålagt stasjon,I drift,32128.583333333332,1987-12-17T14:00:00Z,2023-12-31T14:00:00Z,Ikke angitt,Ikke angitt,1.61,85.62,0,1.23,0,0,7.68,92.54,0,0,69.47,2.66,Tjodanåna/Lysevassdraget,4102.8,031,Lysevassdraget/Lysefjorden,0,0,1001,881,1026,964,1087,806,810,8802
16.127.0,Viertjern,Vannføring,1,Elv - naturlig profil,Konsesjonspålagt stasjon,I drift,28312.583333333332,1977-07-06T14:00:00Z,2023-12-31T14:00:00Z,Ikke angitt,Ikke angitt,46.72,21.22,5.68,1.74,0,0,10.59,83.73,0,0,21.09,12.56,Austbygdåi/Skiensvassdraget,1712.51,016,Skiensvassdraget/Langesundsfjorden,0,0,1001,1181,1357,1277,1450,1113,1110,6133
83.2.0,Viksvatn (Hestadfjorden),Vannføring,1,Innsjø,Forvaltningsstasjon,I drift,873.58333333333337,1902-05-22T14:00:00Z,2023-12-31T14:00:00Z,Ikke angitt,Ikke angitt,508.13,13.91,1.95,3.47,1.82,23.58,10,56.61,0,3.75,19.260000000000002,56.75,Gaularvassdraget,1776.48,083,Gaularvassdraget/Dalsfjorden,0,0,1001,325,1304,892,1633,144,146,12147
12.207.0,Vinde-elv,Vannføring,1,Ikke angitt,Konsesjonspålagt stasjon,I drift,29893.583333333332,1982-01-01T14:00:00Z,2023-12-31T14:00:00Z,Ikke angitt,Ikke angitt,269.88,14.37,16.79,1.27,1.1599999999999999,32.51,7.72,23.08,0,0,22.74,27.84,Vinda/Neselvi/Drammensvassdraget,1557.61,012,Drammensvassdraget/Drammensfjorden vest,0,0,1001,866,1200,1013,1677,561,560,4416
2.463.0,Vismunda,Vannføring,1,Elv - naturlig profil,Forvaltningsstasjon,I drift,31519.583333333332,1986-04-17T14:00:00Z,2023-12-31T14:00:00Z,Ikke angitt,Ikke angitt,191.8,18.02,16.350000000000001,0.04,3.83,74.7,1.98,0.79,0,0,17.510000000000002,40.33,Vismunda/Vorma-Lågen/Glommavassdraget,-999,002,Glommavassdraget/Hvaler og Singlefjorden,0,0,1001,482,879,700,1070,189,190,1380
104.23.0,Vistdal,Vannføring,1,Elv - naturlig profil,Forvaltningsstasjon,I drift,27715.583333333332,1975-11-17T14:00:00Z,2023-12-31T14:00:00Z,Ikke angitt,Ikke angitt,66.510000000000005,58.51,3.72,0.16,2.46,32.36,2.38,55.05,0,0,64.67,14.38,Visa,2263.9899999999998,104,Eira/langfjorden,0,0,1001,285,1140,777,1526,49,50,13228
196.7.0,Ytre Fiskeløsvatn,Vannføring,1,Innsjø,Forvaltningsstasjon,I drift,22113.583333333332,1960-07-16T14:00:00Z,2023-12-31T14:00:00Z,Ikke angitt,Ikke angitt,54.42,12.86,5.75,15.65,1.1200000000000001,35.85,20.58,30.02,0,0,11.88,15.65,Lakselva (aursfjorden),2504.42,196,Målselvvassdraget/Malangen,0,0,1001,170,767,318,1237,157,160,16921
